Authors	Title	Citation	DOI	Year	Month	0	1	2	3	FINDINGS	Reported	Correction Date	Retraction	Correction	No Action	"SUM 
Completed"
"Inka Regine Weingaertner, Sarah Koutnik, Hermann Ammer"	Chronic Morphine Treatment Attenuates Cell Growth of Human BT474 Breast Cancer Cells by Rearrangement of the ErbB Signalling Network	"PLOS One, January 2013 | Volume 8 | Issue 1 | e53510"	10.1371/journal.pone.0053510	2013	01January	1		1		"duplicated blot, shifted microscopy"	1	10/09/2015		1		1
"Jessica M. Esparza, Eileen O’Toole, Linya Li, Thomas H. Giddings Jr., Benjamin Kozak, Alison J. Albee, Susan K. Dutcher"	Katanin Localization Requires Triplet Microtubules in Chlamydomonas reinhardtii	"PLOS ONE, January 2013 | Volume 8 | Issue 1 | e53940"	10.1371/journal.pone.0053940	2013	01January		1			duplicated colony strip	1	01/15/2016		1		1
"Sreedevi Avasarala, Fangfang Zhang, Guangliang Liu, Ruixue Wang, Steven D. London, Lucille London"	Curcumin Modulates the Inflammatory Response and Inhibits Subsequent Fibrosis in a Mouse Model of Viral- induced Acute Respiratory Distress Syndrome	"PLOS ONE, February 2013 | Volume 8 | Issue 2 | e57285, doi:10.1371/journal.pone.0057285"	10.1371/journal.pone.0057285	2013	02February			1		reuse of one lane in different blot experiment	1	8/4/2015		1		1
"Rounak Nassirpour, Pramod P. Mehta, Sangita M. Baxi, Min-Jean Yin "	miR-221 Promotes Tumorigenesis in Human Triple Negative Breast Cancer Cells	"PLOS ONE, April 2013 | Volume 8 | Issue 4 | e62170"	10.1371/journal.pone.0062170	2013	04April	1			1	Duplicated / mirrored bands in blot	1	4/10/2017	1			1
"Jianuo Liu,  Peng Xu, Cory Collins, Han Liu, Jingdong Zhang, James P. Keblesh, Huangui Xiong"	HIV-1 Tat Protein Increases Microglial Outward K+ Current and Resultant Neurotoxic Activity	"PLOS ONE, May 2013 | Volume 8 | Issue 5 | e64904, doi:10.1371/journal.pone.0064904"	10.1371/journal.pone.0064904	2013	05May		1			multiple duplicated microscopy images	1	9/19/2014		1		1
"Yang Wang, Shijie Sheng, Jianzhi Zhang, Sijana Dzinic, Shaolei Li, Fang Fang, Nan Wu, Qingfeng Zheng, Yue Yang"	Elevated Maspin Expression Is Associated with Better Overall Survival in Esophageal Squamous Cell Carcinoma (ESCC)	"PLOS ONE, May 2013 | Volume 8 | Issue 5 | e63581"	10.1371/journal.pone.0063581	2013	05May			1		part of blot panel reused to represent different protein	1			1		1
"Elizabeth Ngoc Hoa Tran, Matthew Thomas Doyle, Renato Morona"	LPS Unmasking of Shigella flexneri Reveals Preferential Localisation of Tagged Outer Membrane Protease IcsP to Septa and New Poles	"PLOS ONE, July 2013 | Volume 8 | Issue 7 | e70508, doi:10.1371/journal.pone.0070508"	10.1371/journal.pone.0070508	2013	07July	1			1	"duplicated lanes within same blot, or in different blots, duplicated microscopy panel"	1	10/16/2014		1		1
"Fabio Sallustio, Grazia Serino, Vincenzo Costantino, Claudia Curci, Sharon N. Cox, Giuseppe DePalma, Francesco P. Schena"	"miR-1915 and miR-1225-5p Regulate the Expression of CD133, PAX2 and TLR2 in Adult Renal Progenitor Cells"	"PLOS ONE, July 2013 | Volume 8 | Issue 7 | e68296, doi:10.1371/journal.pone.0068296"	10.1371/journal.pone.0068296	2013	07July			1		"overlapping microscopy images,but rotated/stretched"	1	5/8/2015		1		1
"Jia Ma, Qing Zhang, Sulian Chen, Binbin Fang, Qingling Yang, Changjie Chen, Lucio Miele, Fazlul H. Sarkar, Jun Xia, Zhiwei Wang"	Mitochondrial Dysfunction Promotes Breast Cancer Cell Migration and Invasion through HIF1a Accumulation via Increased Production of Reactive Oxygen Species	"PLOS ONE, July 2013 | Volume 8 | Issue 7 | e69485,  doi: 10.1371/journal.pone.0069485"	10.1371/journal.pone.0069485	2013	07July				1	"multiple overlapping microscopy images, groups of cells visible in multiple images"	1	11/25/2014		1		1
"Yael Friedman-Levi, Michal Mizrahi, Kati Frid, Orli Binyamin, Ruth Gabizon "	"PrPST, a Soluble, Protease Resistant and Truncated PrP Form Features in the Pathogenesis of a Genetic Prion Disease"	"PLOS ONE, July 2013 | Volume 8 | Issue 7 | e69583, doi: 10.1371/journal.pone.0069583"	10.1371/journal.pone.0069583	2013	07July				1	"possible duplicated lanes within same blot, patch in other blot"	1	7/20/2015		1		1
"Yan Zhang, Lei Shan, Yaping Hua, Dan Wang, Huawu Zeng, Runhui Liu, Weidong Zhang, Zhenlin Hu"	Baicalein Selectively Induces Apoptosis in Activated Lymphocytes and Ameliorates Concanavalin A-Induced Hepatitis in Mice	"PLOS ONE, July 2013 | Volume 8 | Issue 7 | e69592"	10.1371/journal.pone.0069592	2013	07July			1		two sets of duplicated facs panels but different percentages gated points	1	01/26/2015		1		1
"Zhongpu Chen, Xiaodong Pan, Yuyu Yao, Fengdi Yan, Long Chen, Rong Huang, Genshan Ma"	Epigenetic Regulation of Cardiac Progenitor Cells Marker c-kit by Stromal Cell Derived Factor-1a	"PLOS ONE, July 2013 | Volume 8 | Issue 7 | e69134, doi:10.1371/journal.pone.0069134"	10.1371/journal.pone.0069134	2013	07July			1		overlapping microscopy images	1	7/23/2014		1		1
"Akrem Abdulsid, Alexander Fletcher, Fiona Lyall"	Heat Shock Protein 27 Is Spatially Distributed in the Human Placenta and Decreased during Labor	"PLOS ONE, August 2013 | Volume 8 | Issue 8 | e71127"	10.1371/journal.pone.0071127	2013	08August				1	reuse of 2 bands multiple times to create blot panel	1		1			1
"Fang Liu, A. Jesse Gore, Julie L. Wilson, Murray Korc"	DUSP1 Is a Novel Target for Enhancing Pancreatic Cancer Cell Sensitivity to Gemcitabine	"PLOS ONE, January 2014 | Volume 9 | Issue 1 | e84982"	10.1371/journal.pone.0084982	2014	01January			1		"duplicated, and mirrored blots"	1	9/15/2014		1		1
"Jagannath Misra, Dipanjan Chanda, Don-Kyu Kim, Seung-Rye Cho, Seung-Hoi Koo, Chul- Ho Lee, Sung Hoon Back, Hueng-Sik Choi"	Orphan Nuclear Receptor Errc Induces C-Reactive Protein Gene Expression through Induction of ER-Bound Bzip Transmembrane Transcription Factor CREBH	"PLOS One, January 2014 | Volume 9 | Issue 1 | e86342"	10.1371/journal.pone.0086342	2014	01January		1			duplicated (negative) western blot	1	5/6/2015		1		1
"Trent Fowler, Payel Ghatak, David H. Price, Ronald Conaway, Joan Conaway, Cheng-Ming Chiang, James E. Bradner, Ali Shilatifard, Ananda L. Roy"	Regulation of MYC Expression and Differential JQ1 Sensitivity in Cancer Cells	"PLOS One, January 2014 | Volume 9 | Issue 1 | e87003"	10.1371/journal.pone.0087003	2014	01January			1		"duplicated, and stretched blot"	1	4/22/2015		1		1
"Mojca Jez, Sakthikumar Ambady, Olga Kashpur, Alexandra Grella, Christopher Malcuit, Lucy Vilner, Primoz Rozman, Tanja Dominko"	Expression and Differentiation between OCT4A and Its Pseudogenes in Human ESCs and Differentiated Adult Somatic Cells	"PLOS One, February 2014 | Volume 9 | Issue 2 | e89546"	10.1371/journal.pone.0089546	2014	02February	1		1		"Duplicated, and shifted GAPDH gel panel"	1	7/28/2014		1		1
"Zhenni Zhang, Jianrui Lv, Xiaoming Lei, Siyuan Li, Yong Zhang, Lihua Meng, Rongliang Xue, Zongfang Li"	Baicalein Reduces the Invasion of Glioma Cells via Reducing the Activity of p38 Signaling Pathway	"PLOS One, February 2014 | Volume 9 | Issue 2 | e90318"	10.1371/journal.pone.0090318	2014	02February			1		Mirrored blot panels representing different proteins	1	7/25/2016	1			1
"Christophe Broca,  Elodie Varin, Mathieu Armanet, Cécile Tourrel-Cuzin, Domenico Bosco,  Stéphane Dalle, Anne Wojtusciszyn"	Proteasome Dysfunction Mediates High Glucose-Induced Apoptosis in Rodent Beta Cells and Human Islets	"PLOS ONE, March 2014 | Volume 9 | Issue 3 | e92066"	10.1371/journal.pone.0092066	2014	03March			1		duplicated/reused actin blot panels	1	7/7/2014		1		1
"Sylwia Flis, Agnieszka Gnyszka, Krzysztof Flis"	DNA Methyltransferase Inhibitors Improve the Effect of Chemotherapeutic Agents in SW48 and HT-29 Colorectal Cancer Cells	"PLOS One, March 2014 | Volume 9 | Issue 3 | e92305"	10.1371/journal.pone.0092305	2014	03March			1		Duplicated lanes within different panels - but representing same conditions	1	8/18/2014		1		1
"Takaharu Nakayoshi, Ken-ichiro Sasaki, Hidemi Kajimoto, Hiroshi Koiwaya, Masanori Ohtsuka, Takafumi Ueno, Hidetoshi Chibana, Naoki Itaya, Masahiro Sasaki, Shinji Yokoyama, Yoshihiro Fukumoto, Tsutomu Imaizumi"	FOXO4-Knockdown Suppresses Oxidative Stress-Induced Apoptosis of Early Pro-Angiogenic Cells and Augments Their Neovascularization Capacities in Ischemic Limbs	"PLOS ONE, March 2014 | Volume 9 | Issue 3 | e92626"	10.1371/journal.pone.0092626	2014	03March			1		Mirrored microscopy image	1	4/27/2015		1		1
"Yuri Churin, Martin Roderfeld, Johannes Stiefel, Tilman Wu r_ ger, Dirk Schro __ er, Tomomitsu Matono, Hans-Joachim Mollenkopf, Roberta Montalbano, Malvika Pompaiah, Kurt Reifenberg5, Daniel Zahner, Matthias Ocker, Wolfram Gerlich, Dieter Glebe, Elke Roeb"	Pathological Impact of Hepatitis B Virus Surface Proteins on the Liver Is Associated with the Host Genetic Background	"PLOS One, March 2014 | Volume 9 | Issue 3 | e90608"	10.1371/journal.pone.0090608	2014	03March	1	1			"Duplicated actin blot panel but different experiments, cuts in panels"	1	5/1/2015		1		1
"Chuan Li, Cheng Wang, Lingxue Meng, Jiewen Xing, Tianya Wang, Hua Yang, Yingyin Yao, Huiru Peng, Zhaorong Hu, Qixin Sun, Zhongfu Ni"	Ectopic Expression of a Maize Hybrid Down-Regulated Gene ZmARF25 Decreases Organ Size by Affecting Cellular Proliferation in Arabidopsis	"PLOS One, April 2014 | Volume 9 | Issue 4 | e94830"	10.1371/journal.pone.0094830	2014	04April				1	"Manipulated plant images, duplication of seeds, manipulated leaves"	1	5/12/2016	1			1
"Gail Doughton, Jun Wei, Nicolas Tapon, Melanie J. Welham, Andrew D. Chalmers"	Formation of a Polarised Primitive Endoderm Layer in Embryoid Bodies Requires Fgfr/ Erk Signalling	"PLOS One, April 2014 | Volume 9 | Issue 4 | e95434"	10.1371/journal.pone.0095434	2014	04April			1		"Duplicated compressed blots, overlapping microscopy"	1			1		1
"Liliana O. Rocha, Sabina Moser Tralamazza, Gabriela M. Reis, Leon Rabinovitch, Cynara B. Barbosa, Benedito Corre_a"	Multi-Method Approach for Characterizing the Interaction between Fusarium verticillioides and Bacillus thuringiensis Subsp. Kurstaki	"PLOS One, April 2014 | Volume 9 | Issue 4 | e92189"	10.1371/journal.pone.0092189	2014	04April		1			Duplicated FACS panels	1	8/12/2014		1		1
"Prabuddha Dey, Monami Chakraborty, Maulik R. Kamdar, Mrinal K. Maiti"	Functional Characterization of Two Structurally Novel Diacylglycerol Acyltransferase2 Isozymes Responsible for the Enhanced Production of Stearate-Rich Storage Lipid in Candida tropicalis SY005	"PLOS One, 14 April 2014 | Volume 9 | Issue 4 | e94472"	10.1371/journal.pone.0094472	2014	04April				1	"Duplicated cells within microscopy panels, multiple cases, duplicated blots"	1		1			1
"Xiaomei Ge, Yafei Zhang, Sungwon Park, Xiaofei Cong, David E. Gerrard, Honglin Jiang"	Stac3 Inhibits Myoblast Differentiation into Myotubes	"PLOS One, April 2014 | Volume 9 | Issue 4 | e95926"	10.1371/journal.pone.0095926	2014	04April		1			Duplicated microscopy images	1	8/7/2014		1		1
"Xudong Shi, Daniel DiRenzo, Lian-Wang Guo, Sarah R. Franco, Bowen Wang, Stephen Seedial, K. Craig Kent"	TGF-b/Smad3 Stimulates Stem Cell/Developmental Gene Expression and Vascular Smooth Muscle Cell De-Differentiation	"PLOS One, April 2014 | Volume 9 | Issue 4 | e93995"	10.1371/journal.pone.0093995	2014	04April		1			Duplicated blot panels	1	7/22/2014		1		1
"Yushen Jiang, Tang Jiang, Juan Ouyang, Qingsong Zhou, Yanlan Liang, Yingpeng Cui, Peisong Chen, Bin Huang"	Cell Atavistic Transition: Paired Box 2 Re-Expression Occurs in Mature Tubular Epithelial Cells during Acute Kidney Injury and Is Regulated by Angiotensin II	"PLOS One, April 2014 | Volume 9 | Issue 4 | e93563"	10.1371/journal.pone.0093563	2014	04April		1			Duplicated gel panels	1	5/6/2015		1		1
"Ambrish Kumar, Daping Fan, Donald J. DiPette, Ugra S. Singh"	"Sparstolonin B, a Novel Plant Derived Compound, Arrests Cell Cycle and Induces Apoptosis in N-Myc Amplified and N-Myc Nonamplified Neuroblastoma Cells"	"PLOS ONE, May 2014 | Volume 9 | Issue 5 | e96343"	10.1371/journal.pone.0096343	2014	05May		1			Duplicated microscopy images	1	7/6/2016		1		1
"Bo Gao, Qiang Huang, Yan-Shui Lin, Bo-Yuan Wei, Yun-Shan Guo, Zhen Sun, Long Wang, Jing Fan, Hong-Yang Zhang, Yue-Hu Han, Xiao-Jie Li, Jun Shi, Jian Liu, Liu Yang, Zhuo-Jing Luo"	Dose-Dependent Effect of Estrogen Suppresses the Osteo-Adipogenic Transdifferentiation of Osteoblasts via Canonical Wnt Signaling Pathway	"PLoS ONE 9(6): e99137, June 11, 2014. doi:10.1371/journal.pone.0099137"	10.1371/journal.pone.0099137	2014	06June			1		"Duplicated, and stretched microscopy images, multiple cases"	1	12/2/2014		1		1
"Yang Liu, Yuanyuan Liu, Chao Sun, Lu Gan, Luwei Zhang, Aihong Mao, Yuting Du, Rong Zhou, Hong Zhang"	Carbon Ion Radiation Inhibits Glioma and Endothelial Cell Migration Induced by Secreted VEGF	"PLOS ONE, June 2014 | Volume 9 | Issue 6 | e98448"	10.1371/journal.pone.0098448	2014	06June			1		Overlapping microscopy images	1	8/7/2015		1		1
"Manasa K. Nayak, Ayusman Dash, Nitesh Singh, Debabrata Dash"	Aspirin Delimits Platelet Life Span by Proteasomal Inhibition	"PLOS ONE, August 2014 | Volume 9 | Issue 8 | e105049, doi: 10.1371/journal.pone.0105049"	10.1371/journal.pone.0105049	2014	08August				1	Duplicated set of lanes within the same panel	1	12/12/2014		1		1
"Wasia Rizwani, Aneesa Fasim, Deepshikha Sharma, Divya J. Reddy, Nabil A. M. Bin Omar, Surya S. Singh"	S137 Phosphorylation of Profilin 1 Is an Important Signaling Event in Breast Cancer Progression	"PLOS ONE, August 2014 | Volume 9 | Issue 8 | e103868"	10.1371/journal.pone.0103868	2014	08August		1			Duplicated microscopy panels	1	11/18/2014		1		1
"Shiuan Wang, Kai Li Tan, Melina A. Agosto, Bo Xiong, Shinya Yamamoto, Hector Sandoval, Manish Jaiswal, Vafa Bayat, Ke Zhang, Wu-Lin Charng, Gabriela David, Lita Duraine, Kartik Venkatachalam, Theodore G. Wensel, Hugo J. Bellen"	The Retromer Complex Is Required for Rhodopsin Recycling and Its Loss Leads to Photoreceptor Degeneration	"PLOS Biology, April 2014 | Volume 12 | Issue 4 | e1001847"	10.1371/journal.pbio.1001847	2014	04April		1			duplicated microscopy panels	1	5/28/2015		1		1
"Apiruck Watthanasurorot, Netnapa Saelee, Amornrat Phongdara, Sittiruk Roytrakul, Pikul Jiravanichpaisal, Kenneth So_derhäll, Irene SöderhällGab"	Astakine 2—the Dark Knight Linking Melatonin to Circadian Regulation in Crustaceans	"PLOS Genetics, March 2013 | Volume 9 | Issue 3 | e1003361, doi:10.1371/journal.pgen.1003361"	10.1371/journal.pgen.1003361	2013	03March				1	"multiple cases of shifted blots, duplicated bands within blots"	1	4/27/2015	1			1
"Dawn E. Watkins-Chow, Joanna Cooke, Ruth Pidsley, Andrew Edwards, Rebecca Slotkin, Karen E. Leeds, Raymond Mullen, Laura L. Baxter, Thomas G. Campbell, Marion C. Salzer, Laura Biondini, Gretchen Gibney, Franc _oise Phan Dinh Tuy, Jamel Chelly, H. Douglas Morris, Johannes Riegler, Mark F. Lythgoe, Ruth M. Arkell, Fabrizio Loreni, Jonathan Flint, William J. Pavan, David A. Keays"	Mutation of the Diamond-Blackfan Anemia Gene Rps7 in Mouse Results in Morphological and Neuroanatomical Phenotypes	"PLOS Genetics, January 2013 | Volume 9 | Issue 1 | e1003094"	10.1371/journal.pgen.1003094	2013	01January		1			duplicated microscopy panels	1	11/19/2015		1		1
"Erica P. Homan, Caressa Lietman, Ingo Grafe, Jennifer Lennington, Roy Morello, Dobrawa Napierala, Ming-Ming Jiang, Elda M. Munivez, Brian Dawson, Terry K. Bertin, Yuqing Chen, Rhonald Lua, Olivier Lichtarge, John Hicks, Mary Ann Weis, David Eyre, Brendan H. L. Lee"	Differential Effects of Collagen Prolyl 3-Hydroxylation on Skeletal Tissues	"PLOS Genetics, January 23, 2014DOI: 10.1371"	10.1371/journal.pgen.1004121	2014	01January		1			duplicated western blot panels	1	6/3/2014		1		1
"Natalia Lopez-del Hoyo, Santiago Lopez-Begines, Jose Luis Rosa, Jeannie Chen, Ana Mendez"	Functional EF-Hands in Neuronal Calcium Sensor GCAP2 Determine Its Phosphorylation State and Subcellular Distribution In Vivo and Are Essential for Photoreceptor Cell Integrity	"PLOS Genetics, July 2014 | Volume 10 | Issue 7 | e1004480"	10.1371/journal.pgen.1004480	2014	07July		1			duplicated microscopy panels	1	10/17/2014		1		1
"Cathleen D. Valentine, Marc O. Anderson, Feroz R. Papa, Peter M. Haggie"	X-Box Binding Protein 1 (XBP1s) Is a Critical Determinant of Pseudomonas aeruginosa Homoserine Lactone-Mediated Apoptosis	"PLOS Pathogens, August 2013 | Volume 9 | Issue 8 | e1003576"	10.1371/journal.ppat.1003576	2013	08August		1			Duplicated microscopy panels	1	5/19/2016		1		1
"Shipan Dai, Murugesan V. S. Rajaram, Heather M. Curry, Rachel Leander, Larry S. Schlesinger"	Fine Tuning Inflammation at the Front Door: Macrophage Complement Receptor 3-mediates Phagocytosis and Immune Suppression for Francisella tularensis	"PLOS Pathogens, January 2013 | Volume 9 | Issue 1 | e1003114"	10.1371/journal.ppat.1003114	2013	01January				1	"Duplicated or mirrored blot panels, or lanes within blots"	1	3/9/2016		1		1
"Vicente Ramírez,  Ana López, Brigitte Mauch-Mani, Ma José Gil, Pablo Vera_"	An Extracellular Subtilase Switch for Immune Priming in Arabidopsis	"PLOS Pathogens, June 2013 | Volume 9 | Issue 6 | e1003445"	10.1371/journal.ppat.1003445	2013	06June			1		"Duplicated/stretched images of a leaf, duplicated gel panels"	1	11/2/2016		1		1
"Haitao Wei, Song Wang, Qinghuang Chen, Yuhai Chen, Xiaojuan Chi, Lianfeng Zhang, Shile Huang, George F. Gao, Ji-Long Chen"	Suppression of Interferon Lambda Signaling by SOCS-1 Results in Their Excessive Production during Influenza Virus Infection	"PLOS Pathogens, January 2014 | Volume 10 | Issue 1 | e1003845"	10.1371/journal.ppat.1003845	2014	01January			1		"Duplicated blot panels, shifted"	1	1/14/2016		1		1
"Meleri Jones, Inga R. Dry, Dan Frampton, Manuraj Singh, Ravinder K. Kanda, Michael B. Yee, Paul Kellam, Michael Hollinshead, Paul R. Kinchington, Edel A. O’Toole, Judith Breuer "	RNA-seq Analysis of Host and Viral Gene Expression Highlights Interaction between Varicella Zoster Virus and Keratinocyte Differentiation	"PLOS Pathogens, January 2014 | Volume 10 | Issue 1 | e1003896"	10.1371/journal.ppat.1003896	2014	01January			1		Duplicated shifted blot panel	1	7/22/2014		1		1
"Miti Jearaphunt, Chadanat Noonin, Pikul Jiravanichpaisal, Seiko Nakamura, Anchalee Tassanakajon, Irene So_derhäll, Kenneth Söderhällati"	Caspase-1-Like Regulation of the proPO-System and Role of ppA and Caspase-1-Like Cleaved Peptides from proPO in Innate Immunity	"PLOS Pathogens 2014, April 2014 | Volume 10 | Issue 4 | e1004059, doi:10.1371/journal.ppat.1004059"	10.1371/journal.ppat.1004059	2014	04April		1			Duplicated microscopy panels	1	5/20/2016		1		1
"Niyas Kudukkil Pulloor, Sajith Nair, Aleksandar D. Kostic, Pradeep Bist, Jeremy D. Weaver, Andrew M. Riley, Richa Tyagi, Pradeep D. Uchil, John D. York, Solomon H. Snyder, Adolfo Garcı__a-Sastre, Barry V. L. Potter, Rongtuan Lin, Stephen B. Shears, Ramnik J. Xavier, Manoj N. Krishnan"	Human Genome-Wide RNAi Screen Identifies an Essential Role for Inositol Pyrophosphates in Type-I Interferon Response	"PLOS Pathogens, February 2014 | Volume 10 | Issue 2 | e1003981"	10.1371/journal.ppat.1003981	2014	02February			1		"Duplicated, and shifted western blot panels"	1	10/23/2014		1		1
"Verity G. Kew, Jinxiang Yuan, Jeffery Meier, Matthew B. Reeves"	Mitogen and Stress Activated Kinases Act Co-operatively with CREB during the Induction of Human Cytomegalovirus Immediate-Early Gene Expression from Latency	"PLOS Pathogens,  June 2014 | Volume 10 | Issue 6 | e1004195"	10.1371/journal.ppat.1004195	2014	06June			1		Rotated western blot	1	9/5/2014		1		1
"Michelle Khai Khun Yap, Nget Hong Tan, Si Mui Sim, Shin Yee Fung, Choo Hock Tan"	Pharmacokinetics of Naja sumatrana (Equatorial Spitting Cobra) Venom and Its Major Toxins in Experimentally Envenomed Rabbits	PLOS Neglected Tropical Diseases June 2014 | Volume 8 | Issue 6 | e28901	10.1371/journal.pntd.0002890	2014	01January				1	"duplicated, stretched blot panels with duplicated area within blot"	1	9/30/2014		1		1
"Jianming Chen, Julian I. Rood, and Bruce A. McClane"	Epsilon-Toxin Production by Clostridium perfringens Type D Strain CN3718 Is Dependent upon the agr Operon but Not the VirS/VirR Two-Component Regulatory System	mBio 2(6):  2011	10.1128/mBio.00275-11	2011	mBio			1		"Overlapping microscopy images, multiple times"	1	1/27/2015		1		1
"Doblin Sandai, Yin Zhikang, Laura Selway, David Stead, Janet Walker, Michelle D. Leach, Iryna Bohovych, Iuliana V. Ene, Stavroula Kastora, Susan Budge, Carol A. Munro, Frank C. Odds, Neil A. R. Gow, and Alistair J. P. Brown"	The Evolutionary Rewiring of Ubiquitination Targets Has Reprogrammed the Regulation of Carbon Assimilation in the Pathogenic Yeast Candida albicans	mBio 3(6): 2012	10.1128/mBio.00495-12	2012	mBio		1			Duplicated western blots	1	1/20/2015		1		1
"Anusha M. Gopalakrishnan, and Nirbhay Kumar"	Opposing Roles for Two Molecular Forms of Replication Protein A in Rad51-Rad54-Mediated DNA Recombination in Plasmodium falciparum	mBio 4(3): 2013	10.1128/mBio.00252-13	2013	mBio			1		Duplicated agarose gel panels	1	2/3/2015		1		1
"Christopher W. Cutler, Paul I. Eke, Caroline A. Genco, Thomas E. Van Dyke, and Roland R. Arnold"	Hemin-Induced Modifications of the Antigenicity and Hemin-Binding Capacity of Porphyromonas gingivalis Lipopolysaccharide	"Infect. Immun. June 1996, p. 2282–2287 Vol. 64, No. 6"	PMID: 8675338	1996	IAI				1	"Cut, and duplicated SDS PAGE parts"	1				1	1
"Brenda A. Wilson, Virgilio G. Ponferrada, Jefferson E. Vallence, and Mengfei Ho"	Localization of the Intracellular Activity Domain of Pasteurella multocida Toxin to the N Terminus	"Infection, and Immunity, Jan. 1999, p. 80–87 Vol. 67, No. 1"	PMID: 9864199 	1999	IAI		1			"Identical microscopy panels, might be error"	1				1	1
"S. Jeyaseelan, S.L. Hsuan, M.S. Kannan, B. Walcheck, J.F. Wang, M.E. Kehrli, E.T. Lally, G.C. Sieck, and S.K. Maheswaran"	Lymphocyte Function-Associated Antigen 1 Is a Receptor for Pasteurella haemolytica Leukotoxin in Bovine Leukocytes	"Infection, and Immunity, Jan. 2000, p. 72–79 Vol. 68, No. 1"	10.1128/IAI.68.1.72-79.2000	2000	IAI			1		Multiple cases of shifted or duplicated blot panels	1				1	1
"S. Jeyaseelan, M.S. Kannan, R.E. Briggs, P. Thumbikat, and S.K. Maheswaran"	"Mannheimia haemolytica Leukotoxin Activates a Nonreceptor Tyrosine Kinase Signaling Cascade in Bovine Leukocytes, Which Induces Biological Effects"	"Infection, and Immunity, Oct. 2001, p. 6131–6139 Vol. 69, No. 10"	10.1128/IAI.69.10.6131–6139.2001	2001	IAI				1	Multiple cases of shifted or duplicated blot panels	1				1	1
"Nobuo Okahashi, Atsuo Sakurai, Ichiro Nakagawa, Taku Fujiwara, Shigetada Kawabata, Atsuo Amano, and Shigeyuki Hamada"	Infection by Streptococcus pyogenes Induces the Receptor Activator of NF-__B Ligand Expression in Mouse Osteoblastic Cells	"Infect. Immun. Feb. 2003, p. 948–955 Vol. 71, No. 2"	10.1128/IAI.71.2.948-955.2003	2003	IAI		1			"duplicated blots, two sets"	1				1	1
"Stephanie Dahan, Guillaume Dalmasso, Veronique Imbert, Jean-Francois Peyron, Patrick Rampal, and Dorota Czerucka"	Saccharomyces boulardii Interferes with Enterohemorrhagic Escherichia coli-Induced Signaling Pathways in T84 Cells	"Infection and Immunity 73: Feb. 2003, p. 766–773"	10.1128/IAI.71.2.766–773.2003	2003	IAI			1		multiple cases of duplicated bands within same blot	CHECK				1	1
"Laura W. Schrum, Ian Marriott, Betsy R. Butler, Elaine K. Thomas, Michael C. Hudson, and Kenneth L. Bost"	Functional CD40 Expression Induced following Bacterial Infection of Mouse and Human Osteoblast	"Infect. Immun. Mar. 2003, p. 1209–1216"	10.1128/IAI.71.3.1209–1216.2003	2003	IAI		1			duplicated microscopoy images	CHECK				1	1
"Sen Rong Yan, Gefei Qing, David M. Byers, Andrew W. Stadnyk, Walla Al-Hertani, and Robert Bortolussi"	Role of MyD88 in Diminished Tumor Necrosis Factor Alpha Production by Newborn Mononuclear Cells in Response to Lipopolysaccharide	"Infect. Immun. Mar. 2004, p. 1223–1229 Vol. 72, No. 3"	10.1128/IAI.72.3.1223-1229.2004	2004	IAI			1		Mirrored blot	1				1	1
"Peter L. W. Yun, Arthur A. Decarlo, Cheryl C. Chapple, and Neil Hunter"	Functional Implication of the Hydrolysis of Platelet Endothelial Cell Adhesion Molecule 1 (CD31) by Gingipains of Porphyromonas gingivalis for the Pathology of Periodontal Disease	"Infect. Immun. Mar. 2005, p. 1386–1398 Vol. 73, No. 3"	10.1128/IAI.73.3.1386-1398.2005	2005	IAI			1		Overlapping microscopy panels	1				1	1
"Samithamby Jeyaseelan, Hong Wei Chu, Scott K. Young, Mason W. Freeman, and G. Scott Worthen"	Distinct Roles of Pattern Recognition Receptors CD14 and Toll-Like Receptor 4 in Acute Lung Injury	"Infection, and Immunity, Mar. 2005, p. 1754–1763 Vol. 73, No. 3"	10.1128/IAI.73.3.1754–1763.2005	2005	IAI			1		Overlapping microscopy panels	1				1	1
"Ellen J. Beswick, Irina V. Pinchuk, Kyle Minch, Giovanni Suarez, Johanna C. Sierra, Yoshio Yamaoka, and Victor E. Reyes"	The Helicobacter pylori Urease B Subunit Binds to CD74 on Gastric Epithelial Cells and Induces NF-__B Activation and Interleukin-8 Production	"Infect. Immun. Feb. 2006, p. 1148–1155 Vol. 74, No. 2"	10.1128/IAI.74.2.1148-1155.2006	2006	IAI		1			Duplicated blot panel within other panel	1				1	1
"Catherine J. Hunter, Monica Williams, Mikael Petrosyan, Yigit Guner, Rahul Mittal, Dennis Mock, Jeffrey S. Upperman, Henri R. Ford, and Nemani V. Prasadarao"	Lactobacillus bulgaricus Prevents Intestinal Epithelial Cell Injury Caused by Enterobacter sakazakii-Induced Nitric Oxide both In Vitro and in the Newborn Rat Model of Necrotizing Enterocolitis__	"Infect. Immun. Mar. 2009, p. 1031–1043 Vol. 77, No. 3"	10.1128/IAI.01192-08	2009	IAI			1		"Overlapping microscopy, mirrored blot panels, multiple cases"	1				1	1
"Suleyman Felek, and Eric S. Krukonis"	The Yersinia pestis Ail Protein Mediates Binding and Yop Delivery to Host Cells Required for Plague Virulence__	"Infection, and Immunity, Feb. 2009, p. 825–836 Vol. 77, No. 2"	10.1128/IAI.00913-08	2009	IAI			1		Mirrored microscopy image	1				1	1
"Paola Massari, Jay Gunawardana, Xiuping Liu, and Lee M. Wetzler"	Meningococcal Porin PorB Prevents Cellular Apoptosis in a Toll-Like Receptor 2- and NF-__B-Independent Manner__	"Infect. Immun. Mar. 2010, p. 994–1003 Vol. 78, No. 3"	10.1128/IAI.00156-09	2010	IAI			1		"Duplicated blot panels, different exposure"	1	7/8/2015		1		1
"Min-Hee Cho, Hae-Jeong Ahn, Hyun-Joon Ha, Jungchan Park, Jeong-Hoon Chun, Bong-Su Kim, Hee-Bok Oh, and Gi-eun Rhie"	Bacillus anthracis Capsule Activates Caspase-1 and Induces Interleukin-1__ Release from differentiated THP-1 and Human Monocyte-Derived Dendritic Cells__	"Infect. Immun. Mar. 2010, p. 994–1003 Vol. 78, No. 3"	10.1128/IAI.00956-09	2010	IAI			1		"Multiple cases of duplicated blots, stretched"	1				1	1
"Yuan Du, Tomomi Hashizume, Tomoko Kurita-Ochiai, Satoshi Yuzawa, Yoshimitsu Abiko, and Masafumi Yamamoto"	Nasal Immunization with a Fusion Protein Consisting of the Hemagglutinin A Antigenic Region and the Maltose-Binding Protein Elicits CD11c__ CD8__ Dendritic Cells for Induced Long-Term Protective Immunity__	"Infect. Immun. Feb. 2011, p. 895–904 Vol. 79, No. 2"	10.1128/IAI.01203-10	2011	IAI		1			"Duplicated FACS plots, multiple cases"	1	10/15/2015		1		1
"Eva Hervet, Xavier Charpentier, Anne Vianney, Jean-Claude Lazzaroni, Christophe Gilbert, Daniele Atlan, and Patricia Doublet"	Protein Kinase LegK2 Is a Type IV Secretion System Effector Involved in Endoplasmic Reticulum Recruitment and Intracellular Replication of Legionella pneumophila__	"Infect. Immun. May 2011, p. 1936–1950 Vol. 79, No. 5"	10.1128/IAI.00805-10	2011	IAI			1		"Duplicated blot strips, stretched"	1	7/8/2015		1		1
"Asim A. Siddiqui, Jia Xainli, Jesse Schloegel, Lenore Carias, Francis Ntumngia, Menachem Shoham, Joanne L. Casey, Michael Foley, John H. Adams, and Christopher L. King"	Fine Specificity of Plasmodium vivax Duffy Binding Protein Binding Engagement of the Duffy Antigen on Human Erythrocytes	"Infect. Immun. 2012, 80(8):2920"	10.1128/IAI.00206-12	2012	IAI			1		"duplicated, shifted, rotated blot strips/lanes"	1	6/1/2015	1			1
"Balamayooran Theivanthiran, Sanjay Batra, Gayathriy Balamayooran, Shanshan Cai, Koichi Kobayashi, Richard A. Flavell, and Samithamby Jeyaseelan"	NOD2 Signaling Contributes to Host Defense in the Lungs against Escherichia coli Infection	"Infect. Immun. 2012, 80(7):2558"	10.1128/IAI.06230-11	2012	IAI			1		"duplicated, shifted blot panels"	1	5/1/2015	1			1
"Javier Santander, Greg Golden, Soo-Young Wanda, and Roy Curtiss III"	Fur-Regulated Iron Uptake System of Edwardsiella ictaluri and Its Influence on Pathogenesis and Immunogenicity in the Catfish Host	"Infect. Immun. 2012, 80(8):2689"	10.1128/IAI.00013-12	2012	IAI			1		rotated duplicated colony photo	1	12/1/2015		1		1
"Kaitlyn Morse, Junzo Norimine, Guy H. Palmer, Eric L. Sutten, Timothy V. Baszler, and Wendy C. Brown"	"Association and Evidence for Linked Recognition of Type IV Secretion System Proteins VirB9-1, VirB9-2 and VirB10 in Anaplasma marginale"	"Infect. Immun. 2012, 80(1):215"	10.1128/IAI.05798-11	2012	IAI			1		"duplicated blot strips, slightly shifted"	1				1	1
"Wael Abdel Halim Hegazy, Xin Xu, Leonid Metelitsa, and Michael Hensel"	Evaluation of Salmonella enterica Type III Secretion System Effector Proteins as Carriers for Heterologous Vaccine Antigens	"Infect. Immun. 2012, 80(3):1193"	10.1128/IAI.06056-11	2012	IAI		1			"duplicated gel panels, exact duplicate"	1			1		1
"Yun Sun, Wen-Jiang Zheng, Yong-Hua Hu, Bo-Guang Sun, and Li Sun"	"Edwardsiella tarda Eta1, an In Vivo-Induced Antigen That Is Involved in Host Infection"	"Infect. Immun. 2012, 80(8):2948"	10.1128/IAI.00063-12	2012	IAI			1		"very similar negative microscopy images, very similar cell grouping in other image"	1				1	1
"Carlos J. Blondel, Juan C. Jime_nez, Lorenzo E. Leiva, Sergio A. Álvarez, Bernardo I. Pinto, Francisca Contreras, David Pezoa, Carlos A. Santiviago, and Inés Contrerasnd"	The Type VI Secretion System Encoded in Salmonella Pathogenicity Island 19 Is Required for Salmonella enterica Serotype Gallinarum Survival within Infected Macrophages	"Infect. Immun. 2013, 81(4):1207"	10.1128/IAI.01165-12	2013	IAI			1		duplicated/mirrored blot panels (negative blots)	1	10/1/2015		1		1
"Kelei Zhao, Xin Deng, Chuan He, Bisong Yue, and Min Wu"	Pseudomonas aeruginosa Outer Membrane Vesicles Modulate Host Immune Responses by Targeting the Toll-Like Receptor 4 Signaling Pathway	"Infect. Immun. 2013, 81(12):4509"	10.1128/IAI.01008-13	2013	IAI				1	"duplicated blots, shifted, band duplicated within same panel"	1	5/1/2015	1			1
"Whitney M. Amyot, Dennise deJesus, and Ralph R. Isberg "	Poison Domains Block Transit of Translocated Substrates via the Legionella pneumophila Icm/Dot System	"Infect. Immun. 2013, 81(9):3239. DOI: 10.1128/IAI.00552-13"	10.1128/IAI.00552-13	2013	IAI		1			"duplicated gel panels, exact duplicate"	1	10/1/2014		1		1
"Xianqiong Zou, Brent S. Sorenson, Karen F. Ross, and Mark C. Herzberg"	Augmentation of Epithelial Resistance to Invading Bacteria by Using mRNA Transfections	"Infect. Immun. 2013, 81(11):3975"	10.1128/IAI.00539-13	2013	IAI		1			"duplicated actin blot panels, exact"	1	3/1/2015		1		1
"Xiucai Xu, Tingting Liu, Aimei Zhang, Xingxing Huo, Qingli Luo, Zhaowu Chen, Li Yu, Qing Li, Lili Liu, Zhao-rong Lun, and Jilong Shen"	"Reactive Oxygen Species-Triggered Trophoblast Apoptosis Is Initiated by Endoplasmic Reticulum Stress via Activation of Caspase-12, CHOP and the JNK Pathway in Toxoplasma gondii Infection in Mice"	"Infect. Immun. 2012, 80(6):2121"	10.1128/IAI.06295-11	2013	IAI				1	"duplicated FACS plots, one pair exact, other possibly altered, duplicated blot panels, flipped"	1	4/1/2015	1			1
"Jiale Ma, Yinli Bao, Min Sun, Wenyang Dong, Zihao Pan, Wei Zhang, Chengping Lu, Huochun Yao"	Two Functional Type VI Secretion Systems in Avian Pathogenic Escherichia coli Are Involved in Different Pathogenic Pathways	"Infection, and Immunity, September 2014 Volume 82 Number 9 p. 3867–3879"	10.1128/IAI.01769-14	2014	IAI				1	Duplicated lanes within same blot	1	7/8/2015		1		1
"N. Zhi, N. Ohashi, Y. Rikihisa, H. W. Horowitz, G. P. Wormser, and K. Hechemy"	Cloning and Expression of the 44-Kilodalton Major Outer Membrane Protein Gene of the Human Granulocytic Ehrlichiosis Agent and Application of the Recombinant Protein to Serodiagnosis	"J. Clin. Microbiol. 1998, 36(6):1666-1673"	PMID: 9620397 	1998	JCM		1			duplication of whole blot?	1				1	1
"Michael Waters, Amanda Savoie, Helen S. Garmory, Dawn Bueschel, Michel R. Popoff, J. Glenn Songer, Richard W. Titball, Bruce A. McClane, and Mahfuzur R. Sarker"	Genotyping and Phenotyping of Beta2-Toxigenic Clostridium perfringens Fecal Isolates Associated with Gastrointestinal Diseases in Piglets	"J. Clin. Microbiol. 2003, 41(8):3584"	10.1128/JCM.41.8.3584-3591.2003	2003	JCM	1			1	bands in gel appear to be spliced in	1				1	1
"Sou-Ichi Makino, Toru Tobe, Hiroshi Asakura, Masahisa Watarai, Testuya Ikeda, Koichi Takeshi, and Chihiro Sasakawa"	Distribution of the Secondary Type III Secretion System Locus Found in Enterohemorrhagic Escherichia coli O157:H7 Isolates among Shiga Toxin-Producing E. coli Strains	"J. Clin. Microbiol. 2003, 41(6):2341"	10.1128/JCM.41.6.2341-2347.2003	2003	JCM	1			1	"repetitive bands, and background in gel panel"	1				1	1
"Chung-ming Chu, Patrick C. Y. Woo, Ken T. K. Chong, Wah-shing Leung, Veronica L. Chan, and Kwok-yung Yuen"	Association of Presence of Aspergillus Antibodies with Hemoptysis in Patients with Old Tuberculosis or Bronchiectasis but No Radiologically Visible Mycetoma	"J. Clin. Microbiol. 2004, 42(2):665"	10.1128/JCM.42.2.665-669.2004	2004	JCM		1			multiple duplications of negative blot strips	1				1	1
"Patrick C. Y. Woo, Susanna K. P. Lau, Beatrice H. L. Wong, Kwok-Hung Chan, Wai-Ting Hui, Grace S. W. Kwan, J. S. Malik Peiris, Robert B. Couch, and Kwok-Yung Yuen"	False-Positive Results in a Recombinant Severe Acute Respiratory Syndrome-Associated Coronavirus (SARS-CoV) Nucleocapsid Enzyme-Linked Immunosorbent Assay Due to HCoV-OC43 and HCoV-229E Rectified by Western Blotting with Recombinant SARS-CoV Spike Polypeptide	"J. Clin. Microbiol. 2004, 42(12):5885"	10.1128/JCM.42.12.5885-5888.2004	2004	JCM		1			two similar looking western blot strips	1				1	1
"Wulamu Mamuti, Hiroshi Yamasaki, Yasuhito Sako, Minoru Nakao, Ning Xiao, Kazuhiro Nakaya, Naoki Sato, Dominique A. Vuitton, Renaud Piarroux, Marshall W. Lightowlers, Philip S. Craig, and Akira Ito"	"Molecular Cloning, Expression and Serological Evaluation of an 8-Kilodalton Subunit of Antigen B from Echinococcus multilocularis"	"J. Clin. Microbiol. 2004, 42(3):1082"	10.1128/JCM.42.3.1082-1088.2004	2004	JCM		1			duplication of whole panel?	1				1	1
"Jean-Philippe Lavigne, He_lène Marchandin, Nicole Bouziges, and Albert SottoS"	First Infection with VanD-Type Glycopeptide-Resistant Enterococcus faecium in Europe	"J. Clin. Microbiol. 2005, 43(7):3512. DOI: 10.1128/JCM.43.7.3512-3515.2005"	10.1128/JCM.43.7.3512-3515.2005	2005	JCM				1	gel panel appears to have patches	1				1	1
"Michael Waters, Deepa Raju, Helen S. Garmory, Michel R. Popoff, and Mahfuzur R. Sarker"	Regulated Expression of the Beta2-Toxin Gene ( cpb2) in Clostridium perfringens Type A Isolates from Horses with Gastrointestinal Diseases	"J. Clin. Microbiol. 2005, 43(8):4002"	10.1128/JCM.43.8.4002-4009.2005	2005	JCM	1			1	"duplicated background, pasted-in bands?"	1				1	1
"Ana Mena, Virginia Plasencia, Laura Garci_a, Olga Hidalgo, José Ignacio Ayestarán, Sebastián Alberti, Nuria Borrell, José L. Pérez, and Antonio OliverW. Li"	Characterization of a Large Outbreak by CTX-M-1-Producing Klebsiella pneumoniae and Mechanisms Leading to In Vivo Carbapenem Resistance Development	"J. Clin. Microbiol. 2006, 44(8):2831"	10.1128/JCM.00418-06	2006	JCM				1	duplicated bands within same gel panel	1				1	1
"Henry E. Cerny, Douglas G. Rogers, Jeffrey T. Gray, David R. Smith, and Susanne Hinkley"	"Effects of Moraxella (Branhamella) ovis Culture Filtrates on Bovine Erythrocytes, Peripheral Mononuclear Cells and Corneal Epithelial Cells"	"J. Clin. Microbiol. 2006, 44(3):772"	10.1128/JCM.44.3.772-776.2006	2006	JCM		1			duplicated microscopy panel	1				1	1
"Suharni Mohamad, Norhaida Che Azmi, and Rahmah Noordin"	"Development and Evaluation of a Sensitive and Specific Assay for Diagnosis of Human Toxocariasis by Use of Three Recombinant Antigens (TES-26, TES-30USM and TES-120)"	"J. Clin. Microbiol. 2009, 47(6):1712. DOI: 10.1128/JCM.00001-09"	10.1128/JCM.00001-09	2009	JCM	1			1	2 adjacent lanes in same panel look very similar when one is stretched (multiplecases)	1				1	1
"Adis Tasanarong, Supranee Kongkham, and Sookkasem Khositseth"	Dual Inhibiting Senescence and Epithelial-to-Mesenchymal Transition by Erythropoietin Preserve Tubular Epithelial Cell Regeneration and Ameliorate Renal Fibrosis in Unilateral Ureteral Obstruction	"BioMed Research International - Volume 2013, Article ID 308130 "	10.1155/2013/308130	2013				1		Overlapping microscopy images	1	3/19/2017		1		1
"Anahita Rahmani, Danial Kheradmand, Peyman Keyhanvar, Alireza Shoae-Hassani, and Amir Darbandi-Azar"	Neurogenesis and Increase in Differentiated Neural Cell Survival via Phosphorylation of Akt1 after Fluoxetine Treatment of Stem Cells	"BioMed Research International, Volume 2013, Article ID 582526"	10.1155/2013/582526	2013				1	Paul Higgins	Rotated microscopy images	1	2/1/2015		1		1
"Gurbet Celik, Asli Semiz, Serdar Karakurt, Sevki Arslan, Orhan Adali, and Alaattin Sen"	A Comparative Study for the Evaluation of Two Doses of Ellagic Acid on Hepatic Drug Metabolizing and Antioxidant Enzymes in the Rat	"BioMed Research International Volume 2013, Article ID 358945"	10.1155/2013/358945	2013			1			Multiple cases of reused blot panels	1	12/1/2014		1		1
"Young-Man Lee, Q-Schick Auh, Deok-Won Lee, Jun-Yeol Kim, Ha-Jin Jung, Seung-Ho Lee, and Eun-Cheol Kim"	Involvement of Nrf2-Mediated Upregulation of Heme Oxygenase-1 in Mollugin-Induced Growth Inhibition and Apoptosis in Human Oral Cancer Cells	"BioMed Research International Volume 2013, Article ID 210604"	10.1155/2013/210604	2013		1	1		George Perry	"Several cuts, reused blot panel"	1	7/1/2014		1		1
"Chih-Zen Chang, Shu-Chuan Wu, and Aij-Lie Kwan"	"Magnesium Lithospermate B, an Active Extract of Salvia miltiorrhiza, Mediates sGC/cGMP/PKG Translocation in Experimental Vasospasm"	"BioMed Research International, Volume 2014, Article ID 272101"	10.1155/2014/272101	2014				1		"Two sets of duplicated blot panels, one rotated"	1	1/12/2016		1		1
"Jaeson Santos Calla-Choque, Elisa Elvira Figueroa-Angulo, Leticia A_vila-González, and Rossana Arroyoi"	__-Actinin TvACTN3 of Trichomonas vaginalis Is an RNA-Binding Protein That Could Participate in Its Posttranscriptional Iron Regulatory Mechanism	"BioMed Research International Volume 2014, Article ID 424767"	10.1155/2014/424767	2014			1			Multiple cases of reused blot strips	1	5/23/2016		1		1
"Li Han, Yafeng Wang, Xiaojuan Guo, Yubing Zhou, Jingmin Zhang, Ning Wang, Jinhua Jiang, Fang Ma, and Qingduan Wang"	Downregulation of MDR1 Gene by Cepharanthine Hydrochloride Is Related to the Activation of c-Jun/JNK in K562/ADR Cells	"BioMed Research International, Volume 2014, Article ID 164391"	10.1155/2014/164391	2014				1		Shifted actin blot panels	1	12/5/2016	1			1
"Silvana Lorena Della Penna, Gabriel Cao, Andrea Carranza, Elsa Zotta, Susana Gorzalczany, Carolina Susana Cerrudo, Natalia Luci_a Rukavina Mikusic, Alicia Correa, Verónica Trida, Jorge Eduardo Toblli, María Inés Rosón, and Belisario Enrique Fernándezlypep"	Renal Overexpression of Atrial Natriuretic Peptide and Hypoxia Inducible Factor-1__ as Adaptive Response to a High Salt Diet	"BioMed Research International, Volume 2014, Article ID 936978"	10.1155/2014/936978	2014			1			"Duplicated microscopy images, and other panels taken from previous paper"	1	9/1/2014		1		1
"Mao-Lin Ho, Yih-Shou Hsieh, Jia-Yuh Chen, Kuo-Shuen Chen, Jia-Jing Chen, Wu-Hsien Kuo, Shu-Jiuan Lin, and Pei-Ni Chen"	Antimetastatic Potentials of Dioscorea nipponica on Melanoma In Vitro and In Vivo	"Evidence-Based Complementary, and Alternative Medicine, Volume 2011, Article ID 507920"	10.1155/2011/507920	2011				1		Two sets of rotated microscopy images	1	11/11/2015		1		1
"Chao-Bin Yeh, Ming-Ju Hsieh, Yih-Shou Hsieh, Ming-Hsien Chien, Pen-Yuan Lin, Hui-Ling Chiou, and Shun-Fa Yang"	Terminalia catappa Exerts Antimetastatic Effects on Hepatocellular Carcinoma through Transcriptional Inhibition of Matrix Metalloproteinase-9 by Modulating NF-_B and AP-1 Activity	"Evidence-Based Complementary, and Alternative Medicine, Volume 2012, Article ID 595292"	10.1155/2012/595292	2012				1		overlapping microscopy images	1	11/15/2015		1		1
"Ying-Yi Chen, Fon-Chang Liu, Pei-Yu Chou, Yi-Chung Chien, Wun-Shaing Wayne Chang, Guang-Jhong Huang, Chieh-Hsi Wu, and Ming-Jyh Sheu"	"Ethanol Extracts of Fruiting Bodies of Antrodia cinnamomea Suppress CL1-5 Human Lung Adenocarcinoma Cells Migration by Inhibiting Matrix Metalloproteinase-2/9 through ERK, JNK, p38 and PI3K/Akt Signaling Pathways"	"Evidence-Based Complementary, and Alternative Medicine, Volume 2012, Article ID 378415"	10.1155/2012/378415	2012			1			Duplicated 0h microscopy images	1	12/2/2012		1		1
"Chih-Yu Peng, Hui-Wen Yang, Yin-Hung Chu, Yu-Chao Chang, Ming-Ju Hsieh, Ming-Yung Chou, Kun-Tu Yeh, Yueh-Min Lin, Shun-Fa Yang, and Chiao-Wen Lin"	Caffeic Acid Phenethyl Ester Inhibits Oral Cancer Cell Metastasis by Regulating Matrix Metalloproteinase-2 and the Mitogen-Activated Protein Kinase Pathway	"Evidence-Based Complementary, and Alternative Medicine, Volume 2012, Article ID 732578"	10.1155/2012/732578	2012			1			Duplicated microscopy panels	1	1/6/2016		1		1
"Chiung-Chyi Shen, Yi-Chin Yang, Ming-Tsang Chiao, Shiuh-Chuan Chan, and Bai-Shuan Liu"	Low-Level Laser Stimulation on Adipose-Tissue-Derived Stem Cell Treatments for Focal Cerebral Ischemia in Rats	"Evidence-Based Complementary, and Alternative Medicine, Volume 2013, Article ID 594906"	10.1155/2013/594906	2013				1		shifted GAPDH panels	1	12/10/2015		1		1
"Li Li, Ji-kun Du, Li-yi Zou, Tie Wu, Yong-woo Lee, and Yong-ho Kim"	Decursin Isolated from Angelica gigas Nakai Rescues PC12 Cells from Amyloid __-Protein-Induced Neurotoxicity through Nrf2-Mediated Upregulation of Heme Oxygenase-1: Potential Roles of MAPK	"Evidence-Based Complementary, and Alternative Medicine, Volume 2013, Article ID 467245"	10.1155/2013/467245	2013		1		1		Multiple cases of shifted or rotated blot panels	1	9/3/2014		1		1
"Nabilatul Hani Mohd-Radzman, Wan Iryani Wan Ismail, Siti Safura Jaapar, Zainah Adam, and Aishah Adam"	Stevioside from Stevia rebaudiana Bertoni Increases Insulin Sensitivity in 3T3-L1 Adipocytes	"Evidence-Based Complementary, and Alternative Medicine, Volume 2013, Article ID 938081"	10.1155/2013/938081	2013					1	Same band seen twice in one blot strip	1	6/21/2016		1		1
"Zhiqiang Wang, Baofang Jin, Xindong Zhang, Yugui Cui, Dalin Sun, and Chao Gao"	Yangjing Capsule Extract Promotes Proliferation of GC-1 Spg Cells	"Evidence-Based Complementary, and Alternative Medicine, Volume 2014, Article ID 640857"	10.1155/2014/640857	2014					1	Possibly manipulated FACS images	1	11/9/2015		1		1
"Ya-min Zhang, Hong Xu, Hua Sun, Su-hui Chen, and Fu-ming Wang"	Electroacupuncture Treatment Improves Neurological Function Associated with Regulation of Tight Junction Proteins in Rats with Cerebral Ischemia Reperfusion Injury	"Evidence-Based Complementary, and Alternative Medicine, Volume 2014, Article ID 989340"	10.1155/2014/989340	2014				1		overlapping microscopy images	1	11/11/2015		1		1
"Lilian Amrein, May Shawi, Jeremy Grenier, Raquel Aloyz, and Lawrence Panasci"	The phosphatidylinositol-3 kinase I inhibitor BKM120 induces cell death in B-chronic lymphocytic leukemia cells in vitro	"Int. J. Cancer: 133, 247–252 (2013)"	10.1002/ijc.27989	2013			1			Duplicated control blot panel	1	8/7/2015		1		1
"Gong Yang, Imelda Mercado-Uribe, Asha S. Multani, Subrata Sen, Ie-Ming Shih, Kwong-Kwok Wong, David M. Gershenson, and Jinsong Liu"	RAS promotes tumorigenesis through genomic instability induced by imbalanced expression of Aurora-A and BRCA2 in midbody during cytokinesis	"Int. J. Cancer: 133, 275–286 (2013) "	10.1002/ijc.28032	2013				1		Overlapping microscopy images	1	7/1/2015		1		1
"Sujit K. Bhutia, Swadesh K. Das, Belal Azab, Mitchell E. Menezes, Paul Dent, Xiang-Yang Wang, Devanand Sarkar, and Paul B. Fisher"	Targeting breast cancer-initiating/stem cells with melanoma differentiation-associated gene-7/interleukin-24	"Int. J. Cancer: 133, 2726–2736 (2013)"	10.1002/ijc.28289	2013				1		Overlapping microscopy images	1	4/15/2016		1		1
"Upal K. Basu Roy, Rebecca S. Henkhaus, Fotios Loupakis, Chiara Cremolini, Eugene W. Gerner, and Natalia A. Ignatenko"	Caveolin-1 is a novel regulator of K-RAS-dependent migration in colon carcinogenesis	"Int. J. Cancer: 133, 43–58 (2013) "	10.1002/ijc.28001	2013				1		"Reused blot, shifted, other protein"	1	8/7/2015		1		1
"Teresa Lorenzi, Maria Lorenzi, Emma Altobelli, Daniela Marzioni, Emanuela Mensa__, Alexia Quaranta, Francesca Paolinelli, Manrico Morroni, Roberta Mazzucchelli, Antonio De Luca, Antonio Domenico Procopio, Alfonso Baldi, Giovanni Muzzonigro, Rodolfo Montironi, and Mario Castellucci"	HtrA1 in human urothelial bladder cancer: A secreted protein and a potential novel biomarker	"Int. J. Cancer: 133, 2650–2661 (2013)"	10.1002/ijc.28280	2013					1	"Reused lanes, possibly duplicated lanes"	1	8/7/2015		1		1
"Jing Huang, Xianghua Ye, Jian Guan, Bin Chen, Qisheng Li, Xiaokang Zheng, Laiyu Liu, Shuang Wang, Yanqing Ding, Yi Ding, and Longhua Chen"	Tiam1 is associated with hepatocellular carcinoma metastasis	"Int. J. Cancer: 132, 90–100 (2013)"	10.1002/ijc.27627	2013				1		Overlapping microscopy images; multiple cases	1	8/7/2015		1		1
"Emanuela Rosati, Rita Sabatini, Filomena De Falco, Beatrice Del Papa, Franca Falzetti, Mauro Di Ianni, Laura Cavalli, Katia Fettucciari, Andrea Bartoli, Isabella Screpanti, and Pierfrancesco Marconi"	"c-Secretase inhibitor I induces apoptosis in chronic lymphocytic leukemia cells by proteasome inhibition, endoplasmic reticulum stress increase and Notch down-regulation"	"Int. J. Cancer: 132, 1940–1953 (2013)"	10.1002/ijc.27863	2013				1		"Duplicated FACS panels, but different gating numbers"	1	8/7/2015		1		1
"Gayathri Chadalapaka, Indira Jutooru, Sandeep Sreevalsan, Satya Pathi, Kyounghyun Kim, Candy Chen, Lisa Crose, Corinne Linardic, and Stephen Safe"	Inhibition of rhabdomyosarcoma cell and tumor growth by targeting specificity protein (Sp) transcription factors	"Int. J. Cancer: 132, 795–806 (2013)"	10.1002/ijc.27730	2013			1			Duplicated microscopy images	1	7/1/2015		1		1
"Baoyi Zhu, Xiaojuan Li, Yuying Zhang, Chunwei Ye, Yu Wang, Songwang Cai, Huaiqiu Huang, Yi Cai, Shuyuan Yeh, Zhenhua Huang, Ruihan Chen, Yiran Tao, and Xingqiao Wen"	Cross-talk of alpha tocopherol-associated protein and JNK controls the oxidative stress-induced apoptosis in prostate cancer cells	"Int. J. Cancer: 132, 2270–2282 (2013)"	10.1002/ijc.27927	2013				1		Multiple cases of overlapping microscopy images	1	7/1/2015	1			1
"Jing Hu, Holly Deng, and Eileen A. Friedman"	"Ovarian cancer cells, not normal cells, are damaged by Mirk/Dyrk1B kinase inhibition"	"Int. J. Cancer: 132, 2258–2269 (2013)"	10.1002/ijc.27917	2013				1		"Duplicated FACS panels, but different gating numbers"	1	7/1/2015		1		1
"R. van Gelderen, J. Carson, N. Gudkovs, and B. Nowak"	Physical characterisation of Tenacibaculum maritimum for vaccine development	"Journal of Applied Microbiology 2010, 109:1668–1676"	10.1111/j.1365-2672.2010.04795.x	2010			1			Multiple cases of duplicated blot strips	1				1	1
"Robert P. Ryan, Jean Lucey, Karen O’Donovan, Yvonne McCarthy, Liang Yang, Tim Tolker-Nielsen, and J. Maxwell Dow"	HD-GYP domain proteins regulate biofilm formation and virulence in Pseudomonas aeruginosa	"Environmental Microbiology (2009) 11(5), 1126–1136"	10.1111/j.1462-2920.2008.01842.x	2009				1		"Duplicated pic of agar plate, but different exposure."	1	2/23/2016		1		1
"Laurent Guillon, Maher El Mecherki, Stephan Altenburger, Peter L. Graumann, and Isabelle J. Schalk"	High cellular organization of pyoverdine biosynthesis in Pseudomonas aeruginosa: clustering of PvdA at the old cell poleemi_274	"Environmental Microbiology (2012) 14(8), 1982–1994"	10.1111/j.1462-2920.2012.02741.x	2012			1			Duplicated set of images - most likely an error	1	2/23/2016		1		1
"Lei-Chin Chen, Jung-Chi Chen, Jwu-Ching Shu, Chien-Yen Chen, Ssu-Ching Chen, Shu-Hwa Chen, Chun-Yen Lin, Chi-Yu Lu, and Chien-Cheng Chen"	Interplay of RsbM and RsbK controls the sB activity of Bacillus cereuse	"Environmental Microbiology (2012) 14(10), 2788–2799"	10.1111/j.1462-2920.2012.02788.x	2012			1			Multiple cases of duplicated blot panels	1	2/23/2016		1		1
"Isao Hara, Noriyuki Sato, Hideaki Miyake, Mototsugu Muramaki, Satoko Hikosaka, and Sadao Kamidono"	Introduction of 65 kDa Antigen of Mycobacterium tuberculosis to Cancer Cells Enhances Anti-Tumor Effect of BCG Therapy	"Microbiol. Immunol., 48(4), 289–295, 2004"	10.1111/j.1348-0421.2004.tb03525.x	2004			1			"Duplicated blot strips, two cases"	1				1	1
"Noritoshi Kitamoto, Takayuki Kobayashi, Yoji Kato, Nobutaka Wakamiya, Kazuyoshi Ikuta, Tomoyuki Tanaka, Shigeharu Ueda, Hiroyuki Miyamoto, and Shiro Kato"	Preparation of Monoclonal Antibodies Cross-Reactive with Orthopoxviruses and Their Application for Direct Immunofluorescence Test	"Microbiol. Immunol., 49(3), 219–225, 2005"	10.1111/j.1348-0421.2005.tb03723.x	2005					1	"Possible patches in microscopy, possible duplicated lanes"	1			1		1
"Kotla Siva Reddy, Dowlathabad. Muralidhar Rao, Hosur Joyappa Dechamma, Veluvarthy V.S. Suryanarayana, and Golla Ramalinga Reddy"	Expression of bovine (Bos indicus) interleukin-18 in Escherichia coli and its biological activity	Microbiol Immunol 2010; 54: 564–567	10.1111/j.1348-0421.2010.00241.x	2010					1	Marker bands all identical?	1				1	1
"H. Liu, D. Gu, L. Sheng, Q. Wang, and Y. Zhang"	"Investigation of the roles of T6SS genes in motility, biofilm formation and extracellular protease Asp production in Vibrio alginolyticus with modified Gateway-compatible plasmids"	"Letters in Applied Microbiology 55, 73–81, 2012"	10.1111/j.1472-765X.2012.03263.x	2012					1	duplicated blot panel	1				1	1
"Sandrine Koechler, Jessica Cleiss-Arnold, Caroline Proux, Odile Sismeiro, Marie-Agne_s Dillies, Florence Goulhen-Chollet, Florence Hommais, Didier Lièvremont, Florence Arsène-Ploetze, Jean-Yves Coppée, Philippe N Bertin Gi"	Multiple controls affect arsenite oxidase gene expression in Herminiimonas arsenicoxydans	BMC Microbiology 2010	10.1186/1471-2180-10-53	2010			1			"Duplicated blot strips, multiple cases"	1	3/28/2017		1		1
"Scarlett R Holdsworth, and Christopher J Law"	Multidrug resistance protein MdtM adds to the repertoire of antiporters involved in alkaline pH homeostasis in Escherichia coli	"BMC Microbiology 2013, 13:113"	10.1186/1471-2180-13-113	2013				1		Overlapping images of colony panels	1	4/12/2017		1		1
"Daniel C Kraushaar, Wenfei Jin, Alika Maunakea, Brian Abraham, Misook Ha, and Keji Zhao"	Genome-wide incorporation dynamics reveal distinct categories of turnover for the histone variant H3.3	"Genome Biology 2013, 14:R121"	10.1186/gb-2013-14-10-r121	2013			1			duplicated microscopy panel; might be error	1			1		1
"Arumugam Nagalingam, Jack L Arbiser, Michael Y Bonner, Neeraj K Saxena, and Dipali Sharma"	Honokiol activates AMP-activated protein kinase in breast cancer cells via an LKB1-dependent pathway and inhibits breast carcinogenesis	"Breast Cancer Research 2012, 14:R35"	10.1186/bcr3128	2012			1			Duplicated microscopy images	1	3/28/2017		1		1
"Ingunn Holen, Jacob Whitworth, Faith Nutter, Alyson Evans, Hannah K Brown, Diane V Lefley, Ivana Barbaric, __Mark Jones, and Penelope D Ottewell"	"Loss of plakoglobin promotes decreased cell-cell contact, increased invasion and breast cancer cell dissemination in vivo"	"Breast Cancer Research 2012, 14:R86"	10.1186/bcr3201	2012			1			Duplicated microscopy images	1	3/28/2017		1		1
"Meiou Dai, Amal A Al-Odaini, Ani Arakelian, Shafaat A Rabbani, Suhad Ali, and Jean-Jacques Lebrun"	A novel function for p21Cip1 and acetyltransferase p/CAF as critical transcriptional regulators of TGFb-mediated breast cancer cell migration and invasion	"Breast Cancer Research 2012, 14:R127"	10.1186/bcr3322	2012			1			Duplicated blot panels	1	3/28/2017		1		1
"Yi Fang Lee, Lance David Miller, Xiu Bin Chan, Michael A Black, Brendan Pang, Chee Wee Ong, Manuel Salto-Tellez, Edison T Liu, and Kartiki V Desai"	JMJD6 is a driver of cellular proliferation and motility and a marker of poor prognosis in breast cancer	"Breast Cancer Research 2012, 14:R85"	10.1186/bcr3200	2012			1			"duplicated blots, different exposure?"	1	3/28/2017		1		1
"Meiou Dai, Amal A Al-Odaini, Nade_ge Fils-Aimé, Manuel A Villatoro, Jimin Guo, Ani Arakelian, Shafaat A Rabbani, Suhad Ali, and Jean Jacques Lebrunn"	Cyclin D1 cooperates with p21 to regulate TGFb-mediated breast cancer cell migration and tumor local invasion	"Breast Cancer Research 2013, 15:R49"	10.1186/bcr3441	2013				1		Overlapping microscopy images	1	3/28/2017		1		1
"Zhaojia Wu, Siqi Shen, Zhiling Zhang, Weiwei Zhang, and Wei Xiao"	Ubiquitin-conjugating enzyme complex Uev1A-Ubc13 promotes breast cancer metastasis through nuclear factor-_B mediated matrix metalloproteinase-1 gene regulation	"Breast Cancer Research 2014, 16:R75"	10.1186/bcr3692	2014				1		Overlapping microscopy images	1	3/28/2017		1		1
"Alexandr V. Bazhin, Olga N. Shifrina, Marina S. Savchenko, Natalya K. Tikhomirova, Maria A. Goncharskaia, Vera A. Gorbunova, Ivan I. Senin, Alexandr G. Chuchalin, Pavel P. Philippov"	Low titre autoantibodies against recoverin in sera of patients with small cell lung cancer but without a loss of vision	Lung Cancer 34 (2001) 99–104	10.1016/S0169-5002(01)00212-4	2001				1		Duplicated blot strips	1				1	1
"Marina S. Savchenko, Alexandr V. Bazhin, Olga N. Shifrina, Sofia A. Demoura, Eugenia A. Kogan, Alexandr G. Chuchalin, Pavel P. Philippov"	Antirecoverin autoantibodies in the patient with non-small cell lung cancer but without cancer-associated retinopathy	"Lung Cancer (2003) 41, 363__/367"	10.1016/S0169-5002(03)00239-3	2003				1		Duplicated blot strips	1	7/5/2016	1			1
"Stephana Carelli, Giorgia Zadra, Valentina Vaira, Monica Falleni, Luca Bottiglieri, Mario Nosotti, Anna Maria Di Giulio, Alfredo Gorio, Silvano Bosari"	Up-regulation of focal adhesion kinase in non-small cell lung cancer	"Lung Cancer (2006) 53, 263—271"	10.1016/j.lungcan.2006.06.001	2006					1	Duplicated lanes with blot panel	1				1	1
"Katherine M. Finan, Greg Hodge, Ann M. Reynolds, Sandra Hodge, Mark D. Holmes, Andrew H. Baker, Paul N. Reynolds"	In vitro susceptibility to the pro-apoptotic effects of TIMP-3 gene delivery translates to greater in vivo efficacy versus gene delivery for TIMPs-1 or -2	"Lung Cancer (2006) 53, 273—284"	10.1016/j.lungcan.2006.06.006	2006				1		Overlapping microscopy images	1	6/13/2016		1		1
"Kang Fang, Shih-Ping Chen, Chia-Wei Lin, Wan-Chun Cheng, Hwei-Tien Huang"	Ellipticine-induced apoptosis depends on Akt translocation and signaling in lung epithelial cancer cells	Lung Cancer 63 (2009) 227–234	10.1016/j.lungcan.2008.05.026	2009				1		Shifted reused blots	1	10/1/2016	1			1
"Shun-Dong Dai, Yan Wang, Gui-Yang Jiang, Peng-Xin Zhang, Xin-Jun Dong, Qiang Wei, Hong-Tao Xu, Qing-Chang Li, Chen Zhao, En-Hua Wang"	Kaiso is expressed in lung cancer: Its expression and localization is affected by p120ctn	Lung Cancer 67 (2010) 205–215	10.1016/j.lungcan.2009.06.013	2010					1	Duplicated parts of lanes to make 2 negative lanes	1	12/1/2016	1			1
"Kazutoshi Komiya, Naoko Sueoka-Aragane, Akemi Sato, Takashi Hisatomi, Toru Sakuragi, Masahiro Mitsuoka, Toshimi Sato, Shinichiro Hayashi, Hiroto Izumi, Makoto Tsuneoka, Eisaburo Sueoka"	"Expression of Mina53, a novel c-Myc target gene, is a favorable prognostic marker in early stage lung cancer"	Lung Cancer 69 (2010) 232–238	10.1016/j.lungcan.2009.10.010	2010					1	Manipulated FACS panels	1	11/1/2016		1		1
"Hakan Akca, Aydin Demiray, Onur Tokgun, Jun Yokota"	Invasiveness and anchorage independent growth ability augmented by PTEN inactivation through the PI3K/AKT/NFkB pathway in lung cancer cells	Lung Cancer 73 (2011) 302–309	10.1016/j.lungcan.2011.01.012	2011	10.1016/j.lungcan.2011.01.012				1	Duplicated bands within same blot	1	11/1/2016		1		1
"Norimitsu Tanaka, Shinichi Toyooka, Junichi Soh, Takafumi Kubo, Hiromasa Yamamoto, Yuho Maki, Takayuki Muraoka, Kazuhiko Shien, Masashi Furukawa, Tsuyoshi Ueno, Hiroaki Asano, Kazunori Tsukuda, Keisuke Aoe, Shinichiro Miyoshi"	Frequent methylation and oncogenic role of microRNA-34b/c in small-cell lung cancer	Lung Cancer 76 (2012) 32–38	10.1016/j.lungcan.2011.10.002	2012			1			Duplicated microscopy image; might be error	1			1		1
"Dusanka S. Skundric, Weili Zhou, William W. Cruikshank, Rujuan Dai"	Increased levels of bioactive IL-16 correlate with disease activity during relapsing experimental autoimmune encephalomyelitis (EAE)	Journal of Autoimmunity 25 (2005) 206-214	10.1016/j.jaut.2005.09.016	2005				1		"Duplicated blot strips, stretched multiple cases"	1				1	1
"Pascale Gerbaud, Loıc Petzold, Patrice Therond, Wayne B. Anderson, Daniele Evain-Brion, Francoise Raynaud"	"Differential regulation of Cu, Zn- and Mn-superoxide dismutases by retinoic acid in normal and psoriatic human fibroblasts"	Journal of Autoimmunity 24 (2005) 69-78	10.1016/j.jaut.2004.10.003	2005			1			Duplicated blot panel	1				1	1
"M. Sisto, S. Lisi, D. Castellana, P. Scagliusi, M. D'Amore, S. Caprio, A. Scagliusi, A. Acquafredda, M.A. Panaro, V. Mitolo"	Autoantibodies from Sjögren's syndrome induce activation of both the intrinsic and extrinsic apoptotic pathways in human salivary gland cell line A-253	Journal of Autoimmunity 27 (2006) 38-49	10.1016/j.jaut.2006.05.001	2006					1	"Overlapping microscopy, duplicated bands within blots"	1				1	1
"Itshak Golan, Shlomo Nedvetzki, Ira Golan, Lora Eshkar-Sebban, David Levartovsky, Ori Elkayam, Dan Caspi, Suhail Aamar, Howard Amital, Alan Rubinow, David Naor"	Expression of extra trinucleotide in CD44 variant of rheumatoid arthritis patients allows generation of disease-specific monoclonal antibody	Journal of Autoimmunity 28 (2007) 99-113	10.1016/j.jaut.2007.02.007	2007			1			Duplicated FACS panel	1				1	1
"Xiaoyan Xiao, Bin Ma, Baojun Dong, Peng Zhao, Ningwen Tai, Li Chen, F. Susan Wong, Li Wen"	Cellular and humoral immune responses in the early stages of diabetic nephropathy in NOD mice	Journal of Autoimmunity 32 (2009) 85–93	10.1016/j.jaut.2008.12.003	2009				1		Overlapping microscopy images	1				1	1
"Dana Ben-Ami Shor, Miri Blank, Sandra Reuter, Torsten Matthias, Inbal Beiglass, Alexander Volkov, Iris Barshack, Yehuda Shoenfeld"	Anti-ribosomal-P antibodies accelerate lupus glomerulonephritis and induce lupus nephritis in nai_ve mice	Journal of Autoimmunity 54 (2014) 118-126	10.1016/j.jaut.2014.02.013	2014			1			Duplicated microscopy panels	1	2/1/2016		1		1
"Sawsan I. Kreydiyyeh, Christina Abou-Chahine, Randa Hilal-Dandan "	Interleukin-1 b inhibits NaC-KCATPase activity and protein expression in cardiac myocytes	Cytokine 26 (2004) 1-8	10.1016/j.cyto.2003.11.014	2004			1			Duplicated blot	1				1	1
"Ji-Yong Zhou, Ji-Gang Chen, Jin-Yong Wang, Jian-Xiang Wu, Hui Gong"	cDNA cloning and functional analysis of goose interleukin-2 	Cytokine 30 (2005) 328-338	10.1016/j.cyto.2004.12.015	2005				1		Overlapping microscopy	1				1	1
"Sarine Markossian, Sawsan Ibrahim Kreydiyyeh"	TNF-a down-regulates the NaCeKC ATPase and the Na+-K+-2Cl- cotransporter in the rat colon via PGE2	Cytokine 30 (2005) 319-327	10.1016/j.cyto.2004.11.009	2005					1	"Duplicated bands within blot strips, multiple cases"	1				1	1
"Hwa-Jeong Lee, Jin-Woo Cho, Sang-Cheol Kim, Kyung-Hwa Kang, Sun-Kyung Lee, Sung-Hee Pi, Suk-Keun Lee, Eun-Cheol Kim"	Roles of p38 and ERK MAP kinases in IL-8 expression in TNF-a- and dexamethasone-stimulated human periodontal ligament cells	Cytokine 35 (2006) 67–76	10.1016/j.cyto.2006.07.009	2006					1	"Duplicated lanes within blots, many many case"	1				1	1
"Maria de Lujan Alvarez, Ariel D. Quiroga, Marıa Teresa Ronco, Juan Pablo Parody, J. Elena Ochoa, Juan A. Monti, Cristina E. Carnovale, Marıa Cristina Carrillo "	Time-dependent onset of Interferon-a2b-induced apoptosis in isolated hepatocytes from preneoplastic rat livers	Cytokine 36 (2006) 245–253	10.1016/j.cyto.2007.01.002	2006				1		Mirrored blot	1				1	1
"Marilena Galdiero, Mariateresa Vitiello, Marina D’Isanto, Katia Raieta, Emilia Galdiero"	STAT1 and STAT3 phosphorylation by porins are independent of JAKs but are dependent on MAPK pathway and plays a role in U937 cells production of interleukin-6	Cytokine 36 (2006) 218–228	10.1016/j.cyto.2006.12.003	2006			1			Multiple cases of duplicated blots	1				1	1
"Sawsan Ibrahim Kreydiyyeh, Sarine Markossian "	Tumor necrosis factor alpha down-regulates the Na+-K+ ATPase and the Na+-K+2Cl- cotransporter in the kidney cortex and medulla	Cytokine 33 (2006) 138e144	10.1016/j.cyto.2005.12.007	2006			1			Multiple cases of duplicated blots	1				1	1
"Deok-Ho Song, Ji-Houn Kang, Geun-Shik Lee, Eui-Bae Jeung, Mhan-Pyo Yang "	Upregulation of tumor necrosis factor-alpha expression by trans10-cis12 conjugated linoleic acid enhances phagocytosis of RAW macrophages via a peroxisome proliferator-activated receptor gamma-dependent pathway	Cytokine 37 (2007) 227–235	10.1016/j.cyto.2007.04.003	2007				1		"Duplicated gel, differently cut"	1				1	1
"Chung-Hsi Hsing, Hsing-Hui Li, Yu-Hsiang Hsu, Chung-Liang Ho, Shih-Sung Chuang, Kuo-Mao Lan, Ming-Shi Chang"	The distribution of interleukin-19 in healthy and neoplastic tissue	Cytokine 44 (2008) 221–228	10.1016/j.cyto.2008.06.007	2008				1		"Duplicated blot panel, stretched"	1				1	1
"M. Hyzd’alová, J. Hofmanová, J. Pacherník, A. Vaculová, A. KozubíkeSung"	The interaction of butyrate with TNF-alpha during differentiation and apoptosis of colon epithelial cells: role of NF-kappaB activation	Cytokine 44 (2008) 33–43	10.1016/j.cyto.2008.06.003	2008			1			Duplicated blot panel	1				1	1
"Taku Inokuchi, Tuneyoshi Ka, Asako Yamamoto, Yuji Moriwaki, Sumio Takahashi, Zenta Tsutsumi, Daisuke Tamada, Tetsuya Yamamoto"	Effects of ethanol on monosodium urate crystal-induced inflammation	Cytokine 42 (2008) 198–204	10.1016/j.cyto.2008.01.001	2008			1			Duplicated blot	1				1	1
"Zhao Huang, Qiong Wen, Shu-Feng Zhou, Xue-Qing Yu"	Differential chemokine expression in tubular cells in response to urinary proteins from patients with nephrotic syndrome	Cytokine 42 (2008) 222–233	10.1016/j.cyto.2008.02.005	2008			1			Duplicated whole figure; very likely error	1				1	1
"Aramati B.M. Reddy, Satish K. Srivastava, Kota V. Ramana"	Anti-inflammatory effect of aldose reductase inhibition in murine polymicrobial sepsis	Cytokine 48 (2009) 170–176	10.1016/j.cyto.2009.07.004	2009					1	"Duplicated/mirrored bands, manipulated"	1				1	1
"Kumiko Goto, Yoshihiko Chiba, Miwa Misawa"	IL-13 induces translocation of NF-kappaB in cultured human bronchial smooth muscle cells	Cytokine 46 (2009) 96–99	10.1016/j.cyto.2008.12.021	2009					1	Duplicated lane within blot	1				1	1
"Surinder Safaya, Elizabeth S. Klings, Adam Odhiambo, Guihua Li, Harrison W. Farber, Martin H. Steinberg"	Effect of sodium butyrate on lung vascular TNFSF15 (TL1A) expression: Differential expression patterns in pulmonary artery and microvascular endothelial cells	Cytokine 46 (2009) 72–78	10.1016/j.cyto.2008.12.013	2009				1		Mirrored blot	1				1	1
"Yanping Yang, Ying Xu, Wei Li, Guanjun Wang, Yanqiu Song, Guozi Yang, Xue Han, Zhonghua Du, Luguo Sun, Kewei Ma"	STAT3 induces muscle stem cell differentiation by interaction with myoD	Cytokine 46 (2009) 137–141	10.1016/j.cyto.2008.12.015	2009				1		"Overlapping blots, two cases"	1				1	1
"Ari Kassardjian, Zeina Dakroub, Ola El Zein, Sawsan Ibrahim Kreydiyyeh"	Signaling pathway underlying the up-regulatory effect of TNF-a on the Na+/K+ ATPase in HepG2 cells	Cytokine 49 (2010) 312–318	10.1016/j.cyto.2009.11.020	2010					1	"Duplicated yet altered blots, multiple cases"	1				1	1
"Hong Yu, Yuhao Sun, Courtney Haycraft, Viswanathan Palanisamy, Keith L. Kirkwood"	MKP-1 regulates cytokine mRNA stability through selectively modulation subcellular translocation of AUF1	Cytokine 56 (2011) 245–255	10.1016/j.cyto.2011.06.006	2011			1			Duplicated negative blot	1				1	1
"Markus Neumeier, Sabrina Bauer, Hilke Bru_hl, Kristina Eisinger, Andrea Kopp, Sabine Abke, Roland Walter, Andreas Schäffler, Christa Buechler n"	"Adiponectin stimulates release of CCL2, -3, -4 and -5 while the surface abundance of CCR2 and -5 is simultaneously reduced in primary human monocytes"	Cytokine 56 (2011) 573–580	10.1016/j.cyto.2011.08.017	2011				1		"Two cases of duplicated blots, different exposure"	1	6/1/2013		1		1
"Ping Chen, Liya Huang, Yunwei Sun, Yaozong Yuan"	Upregulation of PIAS1 protects against sodium taurocholate-induced severe acute pancreatitis associated with acute lung injury	Cytokine 54 (2011) 305–314	10.1016/j.cyto.2011.02.016	2011				1		"Overlapping microscopy, duplicated blots, multiple cases"	1				1	1
"Ye Zeng, Hu-Rong Sun, Chang Yu, Yi Lai, Xiao-Jing Liu, Jiang Wu, Huai-Qing Chen, Xiao-Heng Liu"	CXCR1 and CXCR2 are novel mechano-sensors mediating laminar shear stress-induced endothelial cell migration	Cytokine 53 (2011) 42–51	10.1016/j.cyto.2010.09.007	2011					1	"Duplication, stretching, what not, the lot"	1				1	1
"Yue Wang, Ye Qu, Xiu Long Niu, Wei Jia Sun, Xiao Lei Zhang, Ling Zhi Li"	Autocrine production of interleukin-8 confers cisplatin and paclitaxel resistance in ovarian cancer cells	Cytokine 56 (2011) 365–375	10.1016/j.cyto.2011.06.005	2011					1	Duplicated bands in different order	1				1	1
"Hong-Xia Wang, Dong-Mei Zhang, Xiang-Jun Zeng, Jing Mu, Hui Yang, Ling-Qiao Lu, Li-Ke Zhang"	"Upregulation of cytochrome P450 2J3/11,12-epoxyeicosatrienoic acid inhibits apoptosis in neonatal rat cardiomyocytes by a caspase-dependent pathway"	Cytokine 60 (2012) 360–368	10.1016/j.cyto.2012.04.029	2012					1	"Duplicated blot, lanes within blot"	1				1	1
"Muyao Li, Mickey E. Gunter, Naomi K. Fukagawa"	Differential activation of the inflammasome in THP-1 cells exposed to chrysotile asbestos and Libby ‘‘six-mix’’ amphiboles and subsequent activation of BEAS-2B cells	Cytokine 60 (2012) 718–730	10.1016/j.cyto.2012.08.025	2012			1			Duplicated actin blot	1	6/1/2017		1		1
"Yong-Duk Park, Young-Suk Kim, Yu-Mi Jung, Sang-Im Lee, Young-Man Lee, Jae-Beum Bang, Eun-Cheol Kim"	Porphyromonas gingivalis lipopolysaccharide regulates interleukin (IL)-17 and IL-23 expression via SIRT1 modulation in human periodontal ligament cells	Cytokine 60 (2012) 284–293	10.1016/j.cyto.2012.05.021	2012					1	"Multiple, multiple cases of duplicated lanes within blots/gels"	1				1	1
"Christina Galloway, Munmun Chattopadhyay "	Increases in inflammatory mediators in DRG implicate in the pathogenesis of painful neuropathy in Type 2 diabetes	Cytokine 63 (2013) 1–5	10.1016/j.cyto.2013.04.009	2013				1		"Duplicated control panel, stretched"	1				1	1
Kyoung Sik Park (only one author)	"Aucubin, a naturally occurring iridoid glycoside inhibits TNF-_-induced inflammatory responses through suppression of NF-_B activation in 3T3-L1 adipocytes"	Cytokine 62 (2013) 407–412	10.1016/j.cyto.2013.04.005	2013					1	Multiple cases of duplicated bands within same blot panel	1				1	1
"Bin-Bin Ni, Bo Li, Yue-Hua Yang, Jiang-Wei Chen, Ke Chen, Sheng-Dan Jiang, Lei-Sheng Jiang "	The effect of transforming growth factor _1 on the crosstalk between autophagy and apoptosis in the annulus fibrosus cells under serum deprivation	Cytokine 70 (2014) 87–96	10.1016/j.cyto.2014.07.249	2014				1		"Duplicated FACS panel, gated differently"	1				1	1
"Hui Li, Jinglan Wang, Gil Mor, Jeffrey Sklar"	A Neoplastic Gene Fusion Mimics Trans-Splicing of RNAs in Normal Human Cells	"Science 321, 1357 (2008)"	10.1126/science.1156725	2008				1		"Duplicated panel, different exposure?"	1	10/2/2015		1		1
"Nitai C. Hait, Jeremy Allegood, Michael Maceyka, Graham M. Strub, Kuzhuvelil B. Harikumar, Sandeep K. Singh, Cheng Luo, Ronen Marmorstein, Tomasz Kordula, Sheldon Milstien, Sarah Spiegel"	Regulation of Histone Acetylation in the Nucleus by Sphingosine-1-Phosphate	"Science 325, 1254 (2009)"	10.1126/science.1176709	2009			1			Duplicated blot panel	1				1	1
"Hulya Karatas, Sefik Evren Erdener, Yasemin Gursoy-Ozdemir, Sevda Lule, Emine Eren-Koc_ak, Zümrüt Duygu Sen, Turgay Dalkaraen"	Spreading Depression Triggers Headache by Activating Neuronal Panx1 Channels	"Science 339, 1092 (2013)"	10.1126/science.1231897	2013					1	"Duplicated mirrored band, stamping in background"	1	10/2/2015		1		1
"Hideki Sakahira, Masato Enari, & Shigekazu Nagata"	Cleavage of CAD inhibitor in CAD activation and DNA degradation during apoptosis	Nature. 1998 Jan 1;391(6662):96-9.	10.1038/34214	1998					1	Duplicated lanes within same gel panel	1	10/29/2015		1		1
"Timothy A. Chan, Heiko Hermeking, Christoph Lengauer, Kenneth W. Kinzler, & Bert Vogelstein"	14-3-3__ is required to prevent mitotic catastrophe after DNA damage	"Nature, Vol. 401, 7 October 1999, page 616"	10.1038/44188	1999				1		"Rotated microscopy image, authors replied on PP"	1	10/29/2015			1	1
"Morgan E. Carlson, Michael Hsu, & Irina M. Conboy"	Imbalance between pSmad3 and Notch induces CDK inhibitors in old muscle stem cells	"Nature, Vol. 454, 24 July 2008, page 528"	10.1038/nature07034	2008				1		Multiple cases of overlapping microscopy panels	1	10/13/2016		1		1
"Shidong Jia, Zhenning Liu, Sen Zhang, Pixu Liu, Lei Zhang, Sang Hyun Lee, Jing Zhang, Sabina Signoretti, Massimo Loda, Thomas M. Roberts, & Jean J. Zhao"	"Essential roles of PI(3)K–p110b in cell growth, metabolism and tumorigenesis"	"Nature, Vol 454, 7 August 2008, page 776"	10.1038/nature07091	2008				1		Overlapping microscopy images	1	5/12/2016		1		1
"Michael J. Wheeler, Barend H. J. de Graaf, Natalie Hadjiosif, Ruth M. Perry, Natalie S. Poulter, Kim Osman, Sabina Vatovec, Andrea Harper, F. Christopher H. Franklin, & Vernonica E. Franklin-Tong"	Identification of the pollen self-incompatibility determinant in Papaver rhoeas	"Nature, Vol 459|18 June 2009"	10.1038/nature08027	2009					1	Duplicated area within the same blot	1	3/3/2016		1		1
"Corine Bertolotto, Fabienne Lesueur, Sandy Giuliano, Thomas Strub, Mahaut de Lichy, Karine Bille, Philippe Dessen, and many others"	A SUMOylation-defective MITF germline mutation predisposes to melanoma and renal carcinoma	"Nature, 2011 Oct 19;480(7375):94-8"	10.1038/nature10539	2011				1		Overlapping microscopy images	1	3/3/2016		1		1
"Feng Zhou, Qibing Lin, Lihong Zhu, Yulong Ren, Kunneng Zhou, Nitzan Shabek, Fuqing Wu, Haibin Mao, Wei Dong, Lu Gan, Weiwei Ma, He Gao, Jun Chen, Chao Yang, Dan Wang, Junjie Tan, Xin Zhang, Xiuping Guo, Jiulin Wang, Ling Jiang, Xi Liu, Weiqi Chen, Jinfang Chu, Cunyu Yan, Kotomi Ueno, Shinsaku Ito, Tadao Asami, Zhijun Cheng, Jie Wang, Cailin Lei, Huqu Zhai, Chuanyin Wu, Haiyang Wang, Ning Zheng, and Jianmin Wan"	D14–SCFD3-dependent degradation of D53 regulates strigolactone signalling	"Nature, Vol 504, 19/26 DECEMBER 2013"	10.1038/nature12878	2013					1	"Duplicated microscopy, possible duplicated lanes in same blot"	1	4/21/2016		1		1
"S Kale, R Raja, D Thorat, G Soundararajan, TV Patil and GC Kundu"	Osteopontin signaling upregulates cyclooxygenase-2 expression in tumor-associated macrophages leading to enhanced angiogenesis and melanoma growth via a9b1 integrin	"Oncogene (2014) 33, 2295–2306"	10.1038/onc.2013.184	2013				1		"Overlapping microscopy images, multiple cases"	1	10/16/2015		1		1
"CM Das, P Taylor, M Gireud, A Singh, D Lee, G Fuller, L Ji, J Fangusaro, V Rajaram, S Goldman, C Eberhart, and V Gopalakrishnan"	The deubiquitylase USP37 links REST to the control of p27 stability and cell proliferation	"Oncogene (2013) 32, 1691–1701"	10.1038/onc.2012.182	2012			1			Duplicated blot	1	11/24/2016		1		1
"CC Jiang, A Croft, H-Y Tseng, ST Guo, L Jin, P Hersey, and XD Zhang"	Repression of microRNA-768-3p by MEK/ERK signalling contributes to enhanced mRNA translation in human melanoma	"Oncogene (2014) 33, 2577–2588"	10.1038/onc.2013.237	2013					1	Duplicated bands within same blot panel	1	11/17/2016		1		1
"Z Zhang, X Liu, B Feng, N Liu, Q Wu, Y Han, Y Nie, K Wu, Y Shi, and D Fan"	"STIM1, a direct target of microRNA-185, promotes tumor metastasis and is associated with poor prognosis in colorectal cancer"	"Oncogene (2014), 1–13"	10.1038/onc.2014.404	2014				1		Overlapping microscopy images	1	11/17/2016		1		1
"T-I Hsu, S-C Lin, P-S Lu, W-C Chang, C-Y Hung, Y-M Yeh, W-C Su, P-C Liao, and J-J Hung"	MMP7-mediated cleavage of nucleolin at Asp255 induces MMP9 expression to promote tumor malignancy	"Oncogene (2015) 34, 826–837"	10.1038/onc.2014.22	2014				1		Overlapping microscopy images	1	2/9/2017		1		1
"Emmanuel Dornier, Franck Coumailleau, Jean-Franc_ois Ottavi, Julien Moretti, Claude Boucheix, Philippe Mauduit, François Schweisguth, and Eric Rubinstein 1"	TspanC8 tetraspanins regulate ADAM10/Kuzbanian trafficking and promote Notch activation in flies and mammals	J. Cell Biol. Vol. 199 No. 3 481–496	 10.1083/jcb.201201133	2012					1	Manipulated FACS plots	1	5/23/2016		1		1
"HIROFUMI YAMAMOTO, RYOTA OSHIRO, MASAHISA OHTSUKA, MAMORU UEMURA, NAOTSUGU HARAGUCHI, JUNICHI NISHIMURA, ICHIRO TAKEMASA, TSUNEKAZU MIZUSHIMA, YUICHIRO DOKI and MASAKI MORI"	Distinct expression of C4.4A in colorectal cancer detected by different antibodies	"INTERNATIONAL JOURNAL OF ONCOLOGY 42: 197-201, 2013"	10.3892/ijo.2012.1714	2012			1			Duplicated blot	1	9/16/2016		1		1
"BO LI, YUEHUA YANG, SHENGDAN JIANG, BINBIN NI, KE CHEN, and LEISHENG JIANG"	Adenovirus-mediated overexpression of BMP-9 inhibits human osteosarcoma cell growth and migration through downregulation of the PI3K/AKT pathway	"INTERNATIONAL JOURNAL OF ONCOLOGY 41: 1809-1819, 2012"	10.3892/ijo.2012.1617	2012			1			Duplicated blot panel	1	9/28/2016		1		1
"EUN YOUNG GIL, UK HYUN JO, HOISEON JEONG, YOUNG MI WHANG, OK HEE WOO, KYU RAN CHO, JAE HONG SEO, AEREE KIM, EUN SOOK LEE, INSONG KOH, YEUL HONG KIM, and KYONG HWA PARK"	Promoter methylation of RASSF1A modulates the effect of the microtubule-targeting agent docetaxel in breast cancer	"INTERNATIONAL JOURNAL OF ONCOLOGY 41: 611-620, 2012"	10.3892/ijo.2012.1470	2012					1	"Duplicated, mirrored bands within same panels"	1	3/7/2017		1		1
"YUKI FUJISE, JUN-ICHI OKANO, TAKAKAZU NAGAHARA, RYO ABE, RYU IMAMOTO, and YOSHIKAZU MURAWAKI"	Preventive effect of caffeine and curcumin on hepato_ carcinogenesis in diethylnitrosamine_induced rats	"INTERNATIONAL JOURNAL OF ONCOLOGY 40: 1779-1788, 2012"	10.3892/ijo.2012.1343	2012			1			Duplicated microscopy images	1	6/15/2016		1		1
"CHIACHEN CHEN, YUAN-CHING CHANG, MICHAEL S. LAN, and MARY BRESLIN"	Leptin stimulates ovarian cancer cell growth and inhibits apoptosis by increasing cyclin D1 and Mcl-1 expression via the activation of the MEK/ERK1/2 and PI3K/Akt signaling pathways	"INTERNATIONAL JOURNAL OF ONCOLOGY 42: 1113-1119, 2013"	10.3892/ijo.2013.1789	2013				1		Duplicated and mirrored blot	1	6/6/2016		1		1
"WEI YANG, XIAOYUAN WANG, WEI ZHENG, KEDONG LI, HAOFENG LIU, and YUEMING SUN"	Genetic and epigenetic alterations are involved in the regulation of TPM1 in cholangiocarcinoma	"INTERNATIONAL JOURNAL OF ONCOLOGY 42: 690-698, 2013"	10.3892/ijo.2012.1741	2012			1			"Duplicated blot panels, multiple cases"	1	10/24/2016		1		1
"MICHIYO YAMAMURA, KAZUMA NOGUCHI, YOSHIRO NAKANO, EMI SEGAWA, YUSUKE ZUSHI, KAZUKI TAKAOKA, HIROMITSU KISHIMOTO, TOMOKO HASHIMOTO-TAMAOKI, and MASAHIRO URADE"	Functional analysis of Zyxin in cell migration and invasive potential of oral squamous cell carcinoma cells	"INTERNATIONAL JOURNAL OF ONCOLOGY 42: 873-880, 2013"	10.3892/ijo.2013.1761	2013				1		"Shifted blots, representing different proteins"	1	9/22/2016		1		1
"TONI IBRAHIM, CHIARA LIVERANI, LAURA MERCATALI, EMANUELE SACANNA, MICHELE ZANONI, FRANCESCO FABBRI, WAINER ZOLI, and DINO AMADORI"	Cisplatin in combination with zoledronic acid: A synergistic effect in triple-negative breast cancer cell lines	"INTERNATIONAL JOURNAL OF ONCOLOGY 42: 1263-1270, 2013"	10.3892/ijo.2013.1809	2013			1			Duplicated microscopy images	1	7/6/2016		1		1
"LI MA, YUEPING LIU, CUIZHI GENG, XIAOWEI QI, and JUN JIANG"	Estrogen receptor _ inhibits estradiol-induced proliferation and migration of MCF-7 cells through regulation of mitofusin 2	"INTERNATIONAL JOURNAL OF ONCOLOGY 42: 1993-2000, 2013"	10.3892/ijo.2013.1903	2013				1		Overlapping microscopy images	1	9/16/2016		1		1
"Steffen Zender, Irina Nickeleit, Torsten Wuestefeld, Inga So _rensen, Daniel Dauch, Przemyslaw Bozko, Mona El-Khatib, Robert Geffers, Hueseyin Bektas, Michael P. Manns, Achim Gossler, Ludwig Wilkens, Ruben Plentz, Lars Zender, and Nisar P. Malek"	A Critical Role for Notch Signaling in the Formation of Cholangiocellular Carcinomas	"Cancer Cell 23, 784–795, June 10, 2013 "	10.1016/j.ccr.2013.04.019	2013			1			"Duplicated blots, multiple cases"	1	8/8/2016		1		1
"Luke Martin McCaffrey, JoAnne Montalbano, Constantina Mihai, and Ian G. Macara"	Loss of the Par3 Polarity Protein Promotes Breast Tumorigenesis and Metastasis	"Cancer Cell 22, 601–614, November 13, 2012"	10.1016/j.ccr.2012.10.003	2012				1		"Duplicated blot, stretched"	1	8/8/2016		1		1
"Lu Wang, Zibo Zhao, Mark B. Meyer, Sandeep Saha, Menggang Yu, Ailan Guo, Kari B. Wisinski, Wei Huang, Weibo Cai, J. Wesley Pike, Ming Yuan, Paul Ahlquist, and Wei Xu"	CARM1 Methylates Chromatin Remodeling Factor BAF155 to Enhance Tumor Progression and Metastasis	"Cancer Cell 25, 21–36, January 13, 2014"	10.1016/j.ccr.2013.12.007	2014					1	"Overlapping microscopy, manipulated images of mice"	1	7/11/2016		1		1
"Corentin Herbert, Ulrich Schieborr, Krishna Saxena, Jarek Juraszek, Frederik De Smet, Chantal Alcouffe, Marc Bianciotto, Giorgio Saladino, David Sibrac, Denis Kudlinzki, Sridhar Sreeramulu, Alan Brown, Patrice Rigon, Jean-Pascal Herault, Gilbert Lassalle,1 Tom L. Blundell, Frederic Rousseau, Ann Gils, Joost Schymkowitz, Peter Tompa, Jean-Marc Herbert, Peter Carmeliet, Francesco Luigi Gervasio, Harald Schwalbe, and Francoise Bono"	"Molecular Mechanism of SSR128129E, an Extracellularly Acting, Small-Molecule, Allosteric Inhibitor of FGF Receptor Signaling"	"Cancer Cell 23, 489–501, April 15, 2013"	10.1016/j.ccr.2013.02.018	2013			1			Duplicated blots	1	7/11/2016		1		1
"Janice D. Thomas, Yan-Jie Zhang, Yue-Hua Wei, Jun-Hung Cho, Laura E. Morris, Hui-Yun Wang, and X.F. Steven Zheng"	Rab1A Is an mTORC1 Activator and a Colorectal Oncogene	"Cancer Cell 26, 754–769, November 10, 2014"	10.1016/j.ccell.2014.09.008	2014				1		Mirrored blot	1	7/11/2016		1		1
"King Ching Ho, Zhonghua Zhou, Yi-Min She, Alex Chun, Terry D. Cyr, and Xiaolong Yang"	Itch E3 ubiquitin ligase regulates large tumor suppressor 1 stability	"PNAS | March 22, 2011 | vol. 108 | no. 12, 870–4875"	10.1073/pnas.1101273108	2011				1			1	9/12/2016		1		1
"Nathalie Delgehyr, Uta Wieland, He_lène Rangone, Xavier Pinson, Guojie Mao, Nikola S. Dzhindzhev, Doris McLean,5, Maria G. Riparbelli, Salud Llamazares, Giuliano Callaini, Cayetano Gonzalez, and David M. GloverR"	"Drosophila Mgr, a Prefoldin subunit cooperating with von Hippel Lindau to regulate tubulin stability"	"PNAS | April 10, 2012 | vol. 109 | no. 15 | 5729–5734"	10.1073/pnas.1108537109	2012			1				1	11/14/2016		1		1
"Rajesh K. Grover, Julong Cheng, Yingjie Peng, Teresa M. Jones, Diana I. Ruiz, Richard J. Ulevitch, John I. Glass, Edward A. Dennis, Daniel R. Salomon, and Richard A. Lerner"	The costimulatory immunogen LPS induces the B-Cell clones that infiltrate transplanted human kidneys	"PNAS _ April 17, 2012 _ vol. 109 _ no. 16, 6036–6041"	10.1073/pnas.1202214109	2012			1				1	10/17/2016		1		1
"Kevin Y. Lee, Yuji Yamamoto, Jeremie Boucher, Jonathon N. Winnay, Stephane Gesta, John Cobb, Matthias Blu_her, and C. Ronald Kahn"	Shox2 is a molecular determinant of depot-specific adipocyte function	"PNAS | July 9, 2013 | vol. 110 | no. 28 | 11409–11414"	10.1073/pnas.1310331110	2013			1				1	4/11/2016		1		1
"Shuyu Ren, Bryce G. Johnson, Yujiro Kida, Colin Ip, Kathryn C. Davidson, Shuei-Liong Lin, Akio Kobayashi, Richard A. Lang, Anna-Katerina Hadjantonakis, Randall T. Moon, and Jeremy S. Duffield"	LRP-6 is a coreceptor for multiple fibrogenic signaling pathways in pericytes and myofibroblasts that are inhibited by DKK-1	"PNAS | January22,2013 | vol.110 | no.4 | 1441"	10.1073/pnas.1211179110	2013				1			1	11/14/2016		1		1
"Zhongyuan Wang, Yanping Wu, Haifeng Wang, Yangqing Zhang, Lin Mei, Xuexun Fang, Xudong Zhang, Fang Zhang, Hongbo Chen, Ying Liu, Yuyang Jiang, Shengnan Sun, Yi Zheng, Na Li, and Laiqiang Huang"	Interplay of mevalonate and Hippo pathways regulates RHAMM transcription via YAP to modulate breast cancer cell motility	"PNAS | Published online December 23, 2013 | E89–E98"	10.1073/pnas.1319190110	2014				1			1	11/14/2016		1		1
																
																
																
																
																
																
																
																
																
																
																
																
																
																
																
																
																
																
																
																
																
																
																
																
																
																
																
																
																
																
																
																
																
																
																
																
																
																
																
																
																
																
																
																
																
																
																
																
																
																
																
																
																
																
																
																
																
																
																
																
																
																
																
																
																
																
																
																
																
																
																
																
																
																
																
																
																
																
																
																
																
																
																
																
																
																
																
																
																
																
																
																
																
																
																
																
																
																
																
																
																
																
																
																
																
																
																
																
																
																
																
																
																
																
																
																
																
																
																
																
																
																
																
																
																
																
																
																
																
																
																
																
																
																
																
																
																
																
																
																
																
																
																
																
																
																
																
																
																
																
																
																
																
																
																
																
																
																
																
																
																
																
																
																
																
																
																
																
																
																
																
																
																
																
																
																
																
																
																
																
																
																
																
																
																
																
																
																
																
																
																
																
																
																
																
																
																
																
																
																
																
																
																
																
																
																
																
																
																
																
																
																
																
																
																
																
																
																
																
																
																
																
																
																
																
																
																
																
																
																
																
																
																
																
																
																
																
																
																
																
																
																
																
																
																
																
																
																
																
																
																
																
																
																
																
																
																
																
																
																
																
																
																
																
																
																
																
																
																
																
																
																
																
																
																
																
																
																
																
																
																
																
																
																
																
																
																
																
																
																
																
																
																
																
																
																
																
																
																
																
																
																
																
																
																
																
																
																
																
																
																
																
																
																
																
																
																
																
																
																
																
																
																
																
																
																
																
																
																
																
																
																
																
																
																
																
																
																
																
																
																
																
																
																
																
																
																
																
																
																
																
																
																
																
																
																
																
																
																
																
																
																
																
																
																
																
																
																
																
																
																
																
																
																
																
																
																
																
																
																
																
																
																
																
																
																
																
																
																
																
																
																
																
																
																
																
																
																
																
																
																
																
																
																
																
																
																
																
																
																
																
																
																
																
																
																
																
																
																
																
																
																
																
																
																
																
																
																
																
																
																
																
																
																
																
																
																
																
																
																
																
																
																
																
																
																
																
																
																
																
																
																
																
																
																
																
																
																
																
																
																
																
																
																
																
																
																
																
																
																
																
																
																
																
																
																
																
																
																
																
																
																
																
																
																
																
																
																
																
																
																
																
																
																
																
																
																
																
																
																
																
																
																
																
																
																
																
																
																
																
																
																
																
																
																
																
																
																
																
																
																
																
																
																
																
																
																
																
																
																
																
																
																
																
																
																
																
																
																
																
																
																
																
																
																
																
																
																
																
																
																
																
																
																
																
																
																
																
																
																
																
																
																
																
																
																
																
																
																
																
																
																
																
																
																
																
																
																
																
																
																
																
																
																
																
																
																
																
																
																
																
																
																
																
																
																
																
																
																
																
																
																
																
																
																
																
																
																
																
																
																
																
																
																
																
																
																
																
																
																
																
																
																
																
																
																
																
																
																
																
																
																
																
																
																
																
																
																
																
																
																
																
																
																
																
																
																
																
																
																
																
																
																
																
																
																
																
																
																
																
																
																
																
																
																
																
																
																
																
																
																
																
																
																
																
																
																
																
																
																
																
																
																
																
																
																
																
																
																
																
																
																
																
																
																
																
																
																
																
																
																
																
																
																
																
																
																
																
																
																
																
																
																
																
																
																
																
																
																
																
																
																
																
																
																
																
																
																
																
																
																
																
																
																
																
																
																
																
																
																
																
																
																
																
																
																
																
																
																
																
																
																
																
																
																
																
																
																
																
																
																
																
																
																
																
																
																
																
																
																
																
																
																
																
																
																
																
																
																
																
																
																
																
																
																